fan_id,edad,sexo,localidad,visitas_web,visitas_app,interacciones_redes,rebote_web,sesiones_ga4,conversiones_click,conversiones_form,clicks_ecommerce,producto_favorito,gasto_total,frecuencia_compra,recencia,antiguedad,fidelidad,uso_newsletter,b2b,eventos_asistidos,miembro_fan_club
1,54,Hombre,Andalucía,6,6,13,0.56,4,5,1,16,Camiseta,91.25,2,315,794,0.69,1,0,0,0
2,44,Hombre,España,9,6,5,0.27,3,6,0,14,Entradas,117.85,2,146,1399,0.75,0,0,2,0
3,30,Mujer,Andalucía,17,5,14,0.3,6,6,4,3,Entradas,81.73,0,333,528,0.15,0,1,3,0
4,58,Mujer,Internacional,13,6,11,0.67,8,8,4,14,Entradas,44.27,5,263,1513,0.4,0,0,4,1
5,23,Mujer,Andalucía,7,5,10,0.51,5,7,1,13,Merchandising,127.72,3,293,1350,0.48,1,0,1,0
6,36,Hombre,Sevilla,11,8,17,0.46,5,0,2,10,Camiseta,65.82,2,86,1996,0.36,1,0,3,0
7,54,Mujer,España,7,8,13,0.32,7,3,0,3,Abono,66.91,2,16,1195,0.32,1,0,0,1
8,34,Mujer,Sevilla,15,8,13,0.61,5,6,4,2,Merchandising,24.75,4,216,926,0.69,1,0,1,0
9,38,Mujer,Sevilla,11,8,9,0.3,4,7,3,1,Merchandising,100.34,3,116,1838,0.22,0,0,1,0
10,26,Hombre,Sevilla,14,5,16,0.62,0,6,3,19,Abono,104.84,2,118,1790,0.71,0,0,3,0
11,26,Mujer,Andalucía,9,3,11,0.15,2,2,2,9,Camiseta,50.3,3,270,1748,0.94,0,0,2,1
12,39,Mujer,Andalucía,10,7,18,0.71,4,3,1,12,Merchandising,136.29,3,343,1786,0.57,1,0,0,0
13,51,Hombre,Sevilla,14,10,8,0.45,4,6,1,19,Camiseta,54.45,2,162,1106,0.61,0,0,2,0
14,55,Mujer,España,12,5,18,0.41,3,7,1,17,Camiseta,96.88,3,188,147,0.07,1,0,2,1
15,39,Mujer,Sevilla,7,5,11,0.53,5,6,3,15,Camiseta,82.83,2,104,394,0.86,0,0,4,1
16,18,Hombre,Sevilla,12,7,16,0.54,6,5,1,10,Abono,4.11,2,141,1724,0.29,0,0,3,1
17,37,Mujer,Sevilla,14,10,13,0.19,4,8,3,9,Camiseta,94.04,3,167,165,0.62,0,0,5,0
18,17,Hombre,Sevilla,15,0,11,0.63,4,8,2,8,Merchandising,90.89,4,300,1467,0.98,0,0,2,0
19,39,Hombre,Andalucía,12,3,10,0.29,2,6,0,11,Abono,13.18,5,28,1130,0.6,1,0,4,0
20,59,Mujer,Andalucía,10,5,23,0.73,9,7,4,18,Abono,128.39,4,272,1901,0.72,0,0,3,0
21,45,Mujer,Andalucía,7,5,11,0.67,9,5,2,0,Merchandising,91.04,3,50,586,0.45,0,0,5,1
22,53,Mujer,Sevilla,6,5,12,0.34,8,0,3,17,Abono,118.38,5,156,47,0.06,0,0,0,0
23,17,Mujer,Sevilla,7,5,11,0.67,6,0,2,13,Merchandising,14.94,2,324,1920,0.8,0,0,1,1
24,36,Hombre,Sevilla,18,6,13,0.35,8,5,4,0,Entradas,60.63,4,348,1994,0.03,0,0,2,0
25,48,Mujer,España,14,3,9,0.17,4,1,0,16,Merchandising,116.32,3,121,432,0.7,0,0,2,0
26,27,Hombre,Sevilla,13,4,10,0.77,7,7,4,10,Abono,20.11,4,140,234,0.02,1,0,1,1
27,37,Mujer,Andalucía,15,8,14,0.56,6,0,3,19,Merchandising,61.66,4,16,528,0.86,0,0,3,0
28,59,Mujer,Internacional,10,6,16,0.42,6,1,4,14,Entradas,89.23,1,309,353,0.16,0,0,6,1
29,40,Mujer,Andalucía,7,8,15,0.38,7,7,2,3,Camiseta,8.69,2,49,624,0.51,0,0,5,1
30,64,Hombre,Internacional,5,6,7,0.33,2,5,1,14,Camiseta,28.75,4,164,591,0.6,0,0,0,0
31,42,Mujer,Sevilla,11,7,17,0.79,7,9,2,13,Camiseta,123.37,3,62,1334,0.46,0,0,2,0
32,57,Mujer,España,9,10,7,0.19,6,1,3,0,Abono,77.09,3,340,1219,0.34,0,1,0,0
33,43,Mujer,Andalucía,13,7,16,0.32,6,1,0,8,Entradas,116.18,6,154,1296,0.47,0,0,3,1
34,31,Mujer,España,8,6,12,0.44,6,6,4,6,Merchandising,81.37,4,312,1942,0.31,0,1,1,0
35,30,Hombre,Sevilla,9,6,6,0.43,5,4,0,10,Merchandising,160.96,6,346,508,0.44,0,1,4,1
36,62,Mujer,Sevilla,9,2,14,0.43,7,4,3,1,Merchandising,90.36,4,150,193,0.36,1,0,2,0
37,59,Hombre,Sevilla,17,10,9,0.22,5,7,4,1,Merchandising,119.44,1,73,353,0.57,1,0,3,1
38,18,Hombre,Andalucía,10,3,9,0.2,9,6,2,5,Abono,66.39,4,69,1621,0.24,0,0,0,1
39,52,Hombre,España,9,6,22,0.28,6,8,2,18,Abono,82.38,3,177,580,0.99,0,0,2,0
40,22,Hombre,España,11,5,19,0.74,5,3,3,19,Entradas,97.47,5,354,860,0.5,0,0,2,0
41,36,Hombre,Sevilla,9,7,13,0.18,3,9,4,13,Merchandising,103.27,3,2,669,0.19,0,0,1,0
42,24,Hombre,España,7,5,21,0.63,10,3,2,2,Camiseta,73.64,2,309,1956,0.48,1,1,4,0
43,54,Mujer,Sevilla,6,5,12,0.63,3,1,3,6,Abono,75.1,1,119,663,0.87,1,0,1,0
44,33,Hombre,Sevilla,16,5,9,0.67,4,2,3,6,Entradas,92.57,2,7,788,0.02,0,0,1,0
45,19,Hombre,Sevilla,14,7,13,0.72,4,0,0,3,Entradas,92.54,5,255,1751,0.68,0,0,1,1
46,40,Hombre,España,13,9,14,0.28,5,0,2,4,Abono,39.12,2,75,237,0.55,0,0,3,1
47,29,Mujer,Sevilla,7,9,14,0.26,8,6,4,16,Camiseta,82.87,5,351,344,0.17,0,0,2,1
48,24,Mujer,Andalucía,9,10,15,0.43,2,4,2,3,Camiseta,86.23,4,195,333,0.82,1,0,0,0
49,41,Hombre,España,8,10,10,0.29,12,2,2,12,Merchandising,40.83,1,187,930,0.37,0,0,6,1
50,17,Mujer,Sevilla,12,6,12,0.61,4,6,2,15,Abono,106.71,2,3,268,0.29,0,0,2,0
51,35,Hombre,Andalucía,14,10,9,0.55,2,1,3,15,Camiseta,89.45,1,184,1780,0.83,0,0,1,0
52,43,Hombre,Sevilla,11,9,6,0.71,3,2,1,1,Abono,156.57,2,335,833,0.64,0,0,1,0
53,62,Mujer,Sevilla,10,7,15,0.16,1,0,1,17,Entradas,74.09,2,273,1277,0.9,0,0,4,0
54,22,Hombre,Andalucía,7,4,9,0.74,8,7,0,0,Entradas,114.76,3,52,1141,0.63,0,0,4,0
55,59,Mujer,Sevilla,6,4,7,0.31,8,1,2,17,Entradas,93.87,3,263,1590,0.74,0,0,2,0
56,23,Mujer,Andalucía,10,9,19,0.44,6,6,1,7,Abono,142.25,6,133,1482,0.84,1,0,5,1
57,62,Hombre,Andalucía,13,9,12,0.41,3,8,0,10,Merchandising,41.05,6,225,1273,0.05,1,0,1,0
58,50,Hombre,Andalucía,7,6,16,0.63,5,5,3,14,Merchandising,57.66,2,310,304,0.78,0,0,0,1
59,29,Mujer,España,11,1,10,0.39,5,1,2,15,Camiseta,42.25,4,61,1700,0.61,1,0,4,0
60,32,Hombre,Andalucía,10,8,15,0.76,5,1,4,16,Abono,72.27,5,16,983,0.07,0,0,7,0
61,51,Hombre,Andalucía,6,1,11,0.73,3,8,3,16,Merchandising,35.63,3,229,1798,0.51,1,0,3,0
62,55,Hombre,Andalucía,8,11,14,0.71,9,9,0,11,Abono,21.59,3,195,1119,0.08,1,0,2,1
63,19,Mujer,Sevilla,6,7,9,0.15,6,7,3,9,Merchandising,0.33,3,251,1645,0.74,0,0,1,0
64,17,Mujer,Sevilla,12,8,11,0.7,7,8,4,19,Entradas,0.0,5,303,1476,0.55,1,0,2,0
65,21,Hombre,España,11,7,4,0.65,5,3,3,5,Entradas,97.97,2,48,284,0.95,0,0,1,0
66,57,Mujer,Andalucía,12,4,11,0.17,4,3,0,7,Camiseta,59.06,3,235,154,0.18,0,0,1,0
67,19,Mujer,Sevilla,6,4,11,0.18,4,1,4,12,Entradas,31.82,3,121,1199,0.61,0,0,3,1
68,44,Mujer,Andalucía,11,6,13,0.17,3,9,4,1,Merchandising,51.93,3,320,644,0.21,1,0,3,0
69,33,Mujer,Sevilla,10,6,8,0.11,11,0,3,18,Camiseta,56.52,2,50,414,0.61,1,0,6,0
70,41,Mujer,Internacional,8,4,10,0.48,4,9,4,9,Camiseta,41.24,3,41,476,0.72,0,0,3,1
71,59,Hombre,Sevilla,16,4,12,0.78,6,3,3,3,Entradas,131.19,2,22,416,0.72,0,0,1,0
72,49,Hombre,Sevilla,10,9,15,0.41,8,9,2,11,Abono,124.59,5,182,412,0.82,0,0,4,1
73,25,Hombre,Sevilla,5,6,15,0.48,4,9,4,17,Entradas,130.6,4,5,1330,0.85,1,1,3,1
74,51,Mujer,Andalucía,9,3,5,0.78,10,7,3,6,Entradas,81.27,4,145,1435,0.08,0,0,2,1
75,29,Mujer,España,21,7,18,0.28,4,1,2,19,Camiseta,84.82,2,357,153,0.34,1,1,7,0
76,46,Hombre,Sevilla,17,7,12,0.7,6,7,4,3,Entradas,52.16,3,78,1979,0.69,0,0,1,1
77,63,Mujer,España,15,3,7,0.48,6,0,2,6,Merchandising,45.35,5,231,1320,0.5,0,0,0,0
78,30,Hombre,Sevilla,11,3,8,0.5,5,0,4,9,Camiseta,75.76,2,297,1843,0.19,0,0,1,1
79,23,Hombre,España,17,2,9,0.34,4,3,0,14,Entradas,97.83,5,348,1164,0.55,1,0,2,0
80,29,Hombre,Sevilla,13,6,17,0.49,7,6,0,11,Abono,116.85,0,209,1434,0.41,0,0,5,0
81,38,Mujer,Sevilla,10,5,6,0.15,3,8,3,0,Merchandising,55.89,2,163,1878,0.39,1,0,1,1
82,55,Mujer,Andalucía,10,6,14,0.64,6,4,1,19,Abono,31.15,0,168,1654,0.81,0,0,2,0
83,36,Hombre,Internacional,13,7,9,0.3,5,1,0,17,Merchandising,100.69,1,278,1952,0.41,0,0,1,1
84,31,Hombre,España,2,11,12,0.72,2,6,1,15,Abono,11.36,3,237,1211,0.03,1,0,2,1
85,60,Hombre,Andalucía,9,7,14,0.36,5,1,2,4,Entradas,73.63,4,176,757,0.06,1,0,1,0
86,33,Hombre,Internacional,11,2,14,0.2,1,8,2,18,Merchandising,78.13,3,53,925,0.86,1,1,0,0
87,62,Mujer,Sevilla,10,7,12,0.59,3,8,1,3,Camiseta,61.74,6,349,1866,0.96,0,0,1,0
88,39,Mujer,Internacional,8,4,18,0.22,6,2,3,5,Camiseta,20.92,3,10,1601,0.69,0,0,4,1
89,41,Hombre,Andalucía,9,11,12,0.63,6,7,4,16,Abono,62.2,3,146,1652,0.36,0,0,0,0
90,40,Hombre,España,6,7,14,0.78,12,3,1,6,Abono,132.49,5,227,1171,0.94,0,0,2,0
91,60,Mujer,España,11,4,16,0.65,3,2,1,6,Abono,95.71,5,236,357,0.66,1,0,3,1
92,56,Mujer,España,10,7,8,0.12,4,0,1,8,Merchandising,115.66,1,242,723,0.84,0,0,1,1
93,44,Hombre,Andalucía,5,4,9,0.52,3,4,1,12,Camiseta,32.4,3,305,1121,0.77,0,0,2,1
94,30,Hombre,Andalucía,7,9,9,0.59,4,3,1,19,Entradas,83.95,3,71,1487,0.38,0,0,3,1
95,60,Hombre,España,7,0,7,0.68,0,0,3,13,Merchandising,78.09,4,158,388,0.48,0,0,4,0
96,16,Mujer,Sevilla,9,4,15,0.14,7,9,0,15,Abono,78.77,6,19,1032,0.19,0,0,3,0
97,40,Mujer,Internacional,11,4,3,0.44,7,7,4,8,Camiseta,94.45,4,55,1724,0.29,0,1,5,0
98,22,Mujer,España,13,6,18,0.47,3,7,0,14,Abono,80.16,5,215,826,0.78,0,0,1,1
99,24,Hombre,Sevilla,10,9,11,0.22,4,7,1,4,Entradas,33.37,4,209,472,0.89,0,0,2,1
100,39,Hombre,España,11,10,14,0.33,6,2,0,17,Entradas,96.46,3,21,193,0.72,1,0,2,1
101,16,Mujer,Andalucía,9,4,9,0.41,4,5,3,19,Camiseta,104.43,2,282,1002,0.47,0,1,2,1
102,59,Mujer,España,11,2,11,0.68,3,6,2,7,Merchandising,121.18,3,249,390,0.09,0,0,3,0
103,23,Hombre,España,8,7,16,0.75,4,8,0,14,Entradas,122.73,2,28,614,0.06,1,0,2,0
104,39,Mujer,Sevilla,9,7,14,0.54,7,4,4,8,Entradas,91.68,4,296,1172,0.37,1,1,2,0
105,26,Mujer,Andalucía,14,10,13,0.38,5,8,3,18,Entradas,35.0,3,211,882,0.46,1,0,5,0
106,32,Hombre,Internacional,13,9,8,0.28,4,5,2,5,Entradas,21.47,2,285,1040,0.61,1,0,2,1
107,23,Mujer,Sevilla,11,7,13,0.79,11,9,3,3,Abono,67.05,4,20,1248,0.01,0,0,2,0
108,50,Hombre,Andalucía,9,3,14,0.79,2,9,1,10,Abono,107.18,1,20,1654,0.99,0,0,3,1
109,50,Hombre,Sevilla,9,11,16,0.75,4,9,2,9,Merchandising,104.93,3,330,1910,0.36,0,0,1,1
110,48,Hombre,Andalucía,9,7,15,0.65,5,3,4,2,Camiseta,84.59,3,120,1641,0.85,0,0,3,0
111,20,Hombre,Andalucía,9,6,15,0.33,4,0,2,0,Camiseta,73.72,3,97,1786,0.53,1,0,1,0
112,57,Hombre,Andalucía,11,7,14,0.67,4,0,4,11,Camiseta,141.63,4,120,1704,0.13,0,0,2,0
113,54,Hombre,Sevilla,5,3,14,0.39,1,9,1,14,Entradas,95.09,0,25,1053,0.8,1,0,2,0
114,56,Hombre,Andalucía,8,7,14,0.33,2,4,4,14,Abono,71.95,2,153,1937,0.71,1,0,2,1
115,43,Mujer,Sevilla,14,9,14,0.62,9,2,3,13,Abono,52.41,2,245,1960,0.53,0,0,2,0
116,22,Hombre,Sevilla,11,5,18,0.16,6,4,0,6,Merchandising,39.7,2,260,270,0.51,1,1,5,1
117,24,Hombre,Sevilla,9,9,5,0.13,7,4,3,16,Camiseta,36.25,5,4,1562,0.09,0,0,3,1
118,23,Mujer,Sevilla,9,6,9,0.41,6,0,3,18,Abono,39.7,2,143,695,0.66,0,0,0,0
119,27,Mujer,Andalucía,9,12,14,0.41,4,7,2,6,Merchandising,84.83,2,282,594,0.91,1,0,1,1
120,49,Mujer,Andalucía,6,13,12,0.73,10,4,1,2,Camiseta,74.37,2,335,1195,0.09,0,0,1,1
121,48,Hombre,España,7,6,11,0.19,3,4,0,2,Entradas,63.59,3,346,861,0.26,1,0,0,1
122,63,Mujer,Sevilla,9,3,17,0.19,9,8,4,17,Abono,100.78,3,220,1005,0.9,0,0,2,0
123,38,Hombre,España,9,2,17,0.2,0,7,2,19,Abono,138.32,5,327,1959,0.28,0,0,4,0
124,39,Hombre,España,9,9,10,0.12,8,0,1,13,Camiseta,46.18,3,160,60,0.65,1,0,3,0
125,52,Hombre,Andalucía,10,3,12,0.15,7,2,0,2,Entradas,51.4,2,76,252,0.53,0,0,0,0
126,50,Hombre,Internacional,6,5,7,0.56,1,6,3,6,Entradas,0.0,6,99,1857,0.6,0,0,1,1
127,59,Mujer,Internacional,7,7,9,0.4,3,0,1,6,Abono,74.08,5,180,295,0.42,0,0,3,1
128,55,Mujer,Sevilla,5,3,10,0.63,4,0,1,4,Camiseta,70.53,4,127,1335,0.3,1,0,3,1
129,37,Hombre,Sevilla,11,5,9,0.79,4,4,1,2,Merchandising,106.25,3,32,817,0.05,0,0,2,0
130,42,Hombre,Internacional,9,6,7,0.56,5,8,3,17,Abono,71.96,3,265,410,0.74,1,0,1,0
131,50,Hombre,España,12,8,13,0.14,8,5,4,14,Entradas,54.42,1,334,585,0.75,0,0,1,1
132,16,Mujer,Sevilla,11,10,18,0.17,8,9,2,19,Merchandising,81.74,2,13,91,0.67,0,0,0,0
133,50,Hombre,España,10,7,20,0.72,4,1,4,13,Camiseta,94.5,5,352,742,0.64,1,1,3,0
134,52,Hombre,España,10,8,12,0.47,1,8,0,3,Entradas,18.38,2,339,876,0.24,0,0,2,0
135,62,Mujer,España,6,9,12,0.68,7,5,2,7,Merchandising,110.24,5,202,550,0.02,0,0,2,0
136,29,Mujer,España,16,9,15,0.7,3,4,0,12,Abono,120.72,5,18,1124,0.81,1,0,3,1
137,18,Hombre,España,6,13,17,0.75,2,4,3,7,Entradas,94.16,2,93,631,0.49,1,0,1,0
138,16,Mujer,Sevilla,12,8,7,0.76,7,2,4,14,Camiseta,42.29,5,280,1589,0.31,0,0,1,1
139,20,Mujer,Sevilla,7,2,12,0.49,2,5,1,16,Entradas,63.59,5,358,169,0.1,0,0,3,1
140,41,Hombre,Andalucía,13,4,10,0.34,8,3,2,4,Abono,116.4,2,316,1369,0.06,1,1,3,0
141,29,Mujer,Internacional,13,3,16,0.77,6,9,1,19,Camiseta,40.76,4,60,1393,0.35,1,1,3,1
142,54,Hombre,Sevilla,11,6,4,0.48,4,1,0,3,Abono,97.0,1,214,1941,0.8,1,0,1,0
143,42,Mujer,Andalucía,6,9,20,0.14,6,2,1,10,Merchandising,73.22,3,100,619,0.92,0,0,0,1
144,24,Hombre,Andalucía,8,11,10,0.55,5,8,1,17,Entradas,80.61,6,1,1779,0.9,1,0,3,0
145,30,Hombre,Andalucía,5,7,12,0.51,3,8,3,9,Abono,45.75,4,43,557,0.92,0,0,2,1
146,30,Hombre,España,9,4,12,0.73,9,5,3,16,Merchandising,86.57,2,311,570,0.91,0,0,2,0
147,41,Mujer,España,14,3,23,0.56,5,9,4,14,Camiseta,84.07,6,168,1469,0.53,0,0,3,1
148,57,Hombre,Andalucía,14,11,10,0.34,5,9,0,5,Camiseta,22.17,5,192,1520,0.22,0,0,2,1
149,28,Mujer,Andalucía,8,6,11,0.78,6,8,3,15,Merchandising,74.84,4,34,404,0.8,0,0,6,0
150,47,Hombre,Andalucía,8,9,9,0.66,5,3,3,14,Merchandising,96.49,7,34,320,0.21,0,0,1,1
151,54,Hombre,Andalucía,11,7,14,0.54,4,4,4,7,Camiseta,61.52,5,176,72,0.27,0,1,3,0
152,64,Mujer,Sevilla,9,8,11,0.31,3,9,2,8,Abono,0.0,4,196,1917,0.23,0,1,3,0
153,47,Hombre,Sevilla,11,3,8,0.36,2,5,4,10,Merchandising,70.98,3,158,1940,0.51,0,0,1,1
154,19,Hombre,Andalucía,9,5,6,0.57,6,8,1,1,Abono,126.33,2,245,1106,0.32,0,0,1,1
155,45,Mujer,Sevilla,11,4,17,0.15,3,4,1,12,Camiseta,62.94,3,340,1841,0.15,0,1,1,0
156,52,Hombre,Sevilla,11,8,10,0.28,4,7,3,3,Abono,125.0,3,346,1936,0.45,0,0,1,0
157,38,Hombre,Andalucía,10,6,11,0.6,6,0,3,8,Abono,46.57,3,335,1285,0.87,0,0,3,1
158,54,Hombre,Andalucía,5,4,18,0.44,4,4,4,4,Merchandising,34.37,3,71,1265,0.57,0,0,2,1
159,60,Hombre,Sevilla,10,7,12,0.38,7,9,4,18,Abono,74.82,0,327,37,0.88,1,1,2,0
160,30,Mujer,España,10,6,8,0.21,9,0,0,2,Abono,46.21,6,114,1687,0.2,1,0,0,0
161,58,Mujer,Andalucía,10,4,17,0.41,10,9,1,2,Abono,86.55,3,285,512,0.17,1,0,1,1
162,44,Hombre,Sevilla,12,8,16,0.64,7,5,4,5,Camiseta,61.96,4,143,71,0.58,0,1,5,1
163,51,Mujer,España,13,14,14,0.28,6,6,2,9,Camiseta,126.59,0,97,362,0.46,0,0,0,1
164,28,Hombre,Andalucía,15,7,11,0.1,5,4,0,4,Entradas,59.54,1,309,1286,0.66,0,1,2,0
165,47,Mujer,España,17,10,13,0.57,4,0,4,2,Camiseta,78.14,2,320,1123,0.79,1,0,5,1
166,22,Hombre,Andalucía,9,4,16,0.78,2,5,3,6,Camiseta,95.87,1,212,1932,0.75,0,0,1,1
167,37,Hombre,Internacional,10,6,15,0.52,3,9,4,17,Entradas,108.47,4,317,1069,0.94,0,0,1,0
168,43,Hombre,España,6,4,5,0.18,4,4,3,7,Entradas,126.79,2,185,98,0.4,0,0,2,0
169,17,Hombre,España,10,6,11,0.32,10,5,3,0,Merchandising,66.78,4,205,82,0.21,0,0,1,1
170,57,Hombre,España,16,12,7,0.71,2,9,1,3,Merchandising,61.02,4,364,714,0.55,1,0,0,0
171,60,Hombre,Sevilla,11,7,6,0.26,1,6,1,6,Camiseta,8.01,2,216,1023,0.11,1,0,3,1
172,21,Mujer,Sevilla,12,10,14,0.53,4,6,4,13,Abono,146.46,5,246,1827,0.29,1,0,0,1
173,43,Hombre,España,10,5,14,0.38,9,1,4,12,Merchandising,87.63,5,239,1432,0.21,0,0,1,1
174,43,Mujer,Andalucía,7,9,11,0.25,6,2,2,9,Merchandising,101.31,1,293,1854,0.4,1,0,2,1
175,59,Hombre,España,13,4,14,0.67,10,5,0,17,Camiseta,94.45,5,8,1516,0.11,0,0,2,0
176,59,Mujer,Sevilla,15,5,13,0.62,6,2,0,0,Abono,76.73,2,78,556,0.03,1,0,0,0
177,35,Mujer,Andalucía,5,8,13,0.56,4,1,4,3,Entradas,87.26,1,324,1835,0.66,0,0,3,1
178,45,Mujer,Sevilla,9,6,13,0.27,4,3,1,15,Entradas,55.41,5,277,1732,0.61,0,0,2,0
179,26,Hombre,Andalucía,5,8,17,0.17,9,4,2,15,Camiseta,64.43,6,202,92,0.71,0,0,0,0
180,43,Hombre,Andalucía,11,6,14,0.5,5,9,0,17,Camiseta,41.74,1,214,290,0.66,0,0,3,0
181,40,Mujer,Andalucía,11,1,10,0.49,4,8,4,7,Abono,129.5,5,94,1553,0.11,1,0,3,0
182,54,Hombre,Andalucía,11,5,13,0.23,2,2,1,9,Camiseta,94.65,3,75,1174,0.29,1,0,2,1
183,48,Mujer,Andalucía,9,10,6,0.14,5,2,1,15,Camiseta,144.17,0,157,887,0.13,0,0,4,0
184,16,Hombre,Andalucía,13,7,14,0.16,4,5,1,10,Camiseta,155.37,1,153,1293,0.84,0,0,1,0
185,42,Mujer,España,7,6,6,0.79,5,4,3,5,Abono,25.85,5,142,1518,0.75,0,0,2,1
186,28,Mujer,Sevilla,13,4,11,0.65,2,5,1,0,Camiseta,109.48,2,78,1160,0.2,1,0,3,1
187,56,Hombre,Andalucía,9,2,10,0.75,6,6,4,11,Merchandising,27.47,3,322,209,0.34,0,0,2,1
188,18,Mujer,Andalucía,10,7,17,0.24,5,2,2,5,Abono,81.21,3,182,1069,0.97,0,0,4,1
189,54,Hombre,España,6,3,9,0.77,4,4,4,12,Merchandising,86.02,4,195,384,0.59,0,0,1,1
190,21,Mujer,Andalucía,7,8,6,0.2,4,7,1,16,Abono,29.95,3,158,963,0.8,0,1,1,1
191,23,Mujer,España,11,7,11,0.46,2,3,2,0,Merchandising,49.19,4,146,1362,0.26,1,0,5,0
192,42,Hombre,Internacional,11,4,17,0.68,4,9,0,7,Abono,87.61,3,54,756,0.21,0,0,3,1
193,24,Hombre,Sevilla,6,8,7,0.34,6,1,0,7,Entradas,81.17,7,356,618,0.78,0,0,2,0
194,52,Hombre,Sevilla,11,5,13,0.4,5,3,4,10,Camiseta,39.36,3,277,1790,0.69,1,1,5,1
195,48,Mujer,Andalucía,9,6,11,0.19,7,1,2,13,Camiseta,50.57,3,309,634,0.68,0,0,4,0
196,57,Hombre,Sevilla,12,4,8,0.19,1,2,4,9,Abono,22.8,1,83,210,0.55,0,0,4,0
197,59,Mujer,Andalucía,8,6,8,0.53,2,3,2,14,Merchandising,32.9,3,156,203,0.56,0,0,5,0
198,39,Mujer,Internacional,11,8,11,0.57,5,3,2,6,Entradas,62.0,2,4,383,0.74,0,0,3,0
199,30,Hombre,Sevilla,8,6,10,0.64,6,9,4,6,Merchandising,109.56,5,311,383,0.27,0,0,3,1
200,47,Hombre,Sevilla,11,9,12,0.49,8,8,2,9,Camiseta,114.0,6,271,1272,0.35,1,0,1,1
201,47,Mujer,Sevilla,9,4,9,0.55,5,9,1,3,Camiseta,139.17,4,64,1708,0.87,1,0,5,1
202,39,Mujer,España,11,4,13,0.11,9,5,2,17,Merchandising,89.85,4,112,1368,0.31,1,0,8,1
203,56,Hombre,Andalucía,8,5,13,0.21,1,8,2,9,Abono,81.59,2,239,463,0.55,1,0,0,0
204,64,Hombre,Sevilla,12,4,13,0.79,3,3,4,18,Abono,92.33,3,144,934,0.7,0,0,2,1
205,64,Hombre,Internacional,10,6,12,0.15,5,8,0,13,Merchandising,91.99,5,20,311,1.0,0,0,0,0
206,27,Hombre,España,3,6,5,0.58,4,8,3,12,Camiseta,18.42,2,64,288,0.44,0,1,0,1
207,54,Hombre,Sevilla,9,9,8,0.22,2,5,2,14,Merchandising,141.11,3,289,897,0.43,1,0,2,0
208,17,Mujer,Andalucía,11,5,13,0.6,4,4,3,15,Camiseta,7.42,3,81,588,0.84,0,0,0,0
209,18,Mujer,España,18,8,15,0.59,2,2,2,1,Merchandising,115.21,3,197,34,0.81,0,0,2,1
210,64,Mujer,Sevilla,13,4,16,0.26,3,4,4,3,Abono,76.97,4,69,1627,0.73,0,1,2,1
211,52,Mujer,Sevilla,9,10,14,0.29,9,2,4,17,Entradas,36.87,3,186,625,0.46,0,0,3,1
212,64,Hombre,Sevilla,13,3,13,0.56,5,4,2,16,Camiseta,93.6,0,167,1698,0.32,0,0,1,1
213,32,Hombre,Sevilla,10,6,11,0.37,2,4,4,9,Entradas,70.87,3,205,423,0.61,1,0,1,0
214,64,Hombre,España,13,3,16,0.24,6,1,4,8,Abono,51.11,2,164,365,0.88,0,0,0,1
215,17,Mujer,Internacional,12,9,18,0.61,6,8,2,14,Merchandising,26.65,6,94,92,0.88,1,0,4,1
216,17,Mujer,Sevilla,14,4,12,0.21,6,6,0,11,Abono,23.71,1,249,1846,0.11,0,0,1,0
217,43,Hombre,Sevilla,10,4,14,0.7,4,5,2,8,Entradas,53.62,2,68,73,0.43,1,0,1,0
218,38,Hombre,Sevilla,4,3,10,0.46,8,4,0,13,Abono,61.46,2,343,182,0.46,1,0,2,0
219,52,Mujer,Sevilla,7,2,9,0.17,5,3,4,12,Abono,32.63,1,21,1979,0.98,1,0,0,1
220,47,Mujer,España,9,9,8,0.59,8,7,0,5,Merchandising,76.35,4,319,1835,0.68,0,0,2,0
221,48,Hombre,Sevilla,7,7,10,0.46,9,1,4,18,Entradas,37.62,5,85,883,0.41,0,0,2,0
222,16,Hombre,Sevilla,13,5,15,0.31,5,7,0,3,Entradas,87.61,2,24,1736,0.03,0,0,2,0
223,34,Mujer,Sevilla,16,6,15,0.4,6,0,0,19,Entradas,118.1,4,111,1209,0.57,0,0,0,0
224,17,Hombre,Andalucía,11,6,17,0.31,6,9,2,16,Camiseta,85.13,4,351,1531,0.1,0,0,4,1
225,59,Hombre,Sevilla,9,3,10,0.28,6,0,0,18,Abono,71.72,3,83,304,0.83,1,0,5,1
226,41,Hombre,España,9,2,7,0.21,6,2,4,2,Entradas,56.28,4,358,1411,0.75,0,0,2,0
227,47,Mujer,Sevilla,11,4,11,0.35,2,4,2,13,Abono,125.61,2,78,455,0.46,0,0,1,0
228,21,Mujer,España,10,11,12,0.28,2,5,0,16,Merchandising,68.23,2,140,1585,0.43,0,0,1,0
229,47,Mujer,Andalucía,6,3,15,0.58,6,3,2,12,Merchandising,162.16,3,271,512,0.9,1,0,2,1
230,19,Mujer,Sevilla,13,6,12,0.58,8,6,3,8,Camiseta,33.59,3,339,243,0.29,1,0,1,0
231,26,Mujer,Andalucía,11,6,13,0.45,6,6,2,0,Camiseta,85.15,2,169,108,0.25,0,0,2,0
232,32,Mujer,España,8,6,11,0.64,8,1,3,16,Merchandising,124.45,2,197,168,0.94,0,1,3,1
233,53,Mujer,Internacional,13,0,14,0.69,5,1,3,15,Entradas,50.85,6,262,979,0.81,1,1,2,0
234,39,Hombre,Andalucía,12,2,14,0.51,6,1,2,17,Merchandising,66.74,2,215,127,0.82,0,0,2,1
235,20,Hombre,Andalucía,10,7,13,0.53,8,1,4,1,Abono,96.92,4,67,1942,0.2,0,0,1,0
236,49,Hombre,Internacional,7,4,10,0.3,2,8,4,13,Camiseta,88.58,2,229,693,0.14,1,0,5,1
237,21,Hombre,Andalucía,13,3,4,0.73,8,4,4,16,Camiseta,94.59,4,161,227,0.03,1,0,0,0
238,37,Hombre,Sevilla,14,13,13,0.12,2,7,1,2,Merchandising,115.61,3,122,814,0.24,0,0,3,0
239,26,Hombre,Internacional,14,4,14,0.34,8,4,3,1,Entradas,62.86,0,149,185,0.77,0,0,0,0
240,63,Hombre,Sevilla,9,13,19,0.61,3,4,2,7,Entradas,125.3,4,340,1103,0.24,0,1,2,1
241,31,Mujer,Andalucía,11,4,10,0.16,9,0,4,1,Abono,14.8,2,193,508,0.73,0,1,3,1
242,48,Mujer,Sevilla,7,5,19,0.23,7,5,4,1,Camiseta,112.71,2,231,257,0.25,0,0,2,0
243,24,Hombre,Sevilla,13,8,9,0.51,7,3,2,8,Merchandising,115.15,3,111,1510,0.4,0,0,2,1
244,21,Hombre,Sevilla,8,3,15,0.49,4,2,3,19,Merchandising,47.89,6,145,551,0.98,0,0,2,1
245,31,Mujer,España,6,7,14,0.62,8,5,2,5,Camiseta,24.23,5,221,178,0.24,0,0,3,1
246,44,Hombre,Sevilla,13,7,13,0.67,3,1,1,11,Merchandising,66.87,5,64,1111,0.38,0,0,2,1
247,18,Hombre,Sevilla,11,4,13,0.19,5,7,1,8,Camiseta,89.13,0,126,191,0.3,0,0,0,0
248,35,Mujer,Sevilla,7,5,7,0.11,3,0,2,6,Entradas,63.27,4,218,892,0.11,0,0,1,1
249,51,Hombre,Andalucía,7,8,12,0.58,4,8,3,11,Entradas,92.57,4,284,1530,0.49,0,1,4,0
250,34,Mujer,Internacional,11,8,8,0.31,2,7,4,4,Merchandising,142.82,3,354,1160,0.38,0,0,2,0
251,41,Hombre,Andalucía,9,6,9,0.54,2,0,1,15,Entradas,27.24,4,236,1480,0.69,0,0,2,0
252,18,Mujer,Andalucía,8,7,11,0.21,5,9,1,4,Entradas,6.61,2,13,424,0.82,1,0,1,1
253,34,Mujer,España,10,4,11,0.43,9,8,3,11,Abono,72.57,2,153,830,0.54,0,0,1,1
254,35,Mujer,Andalucía,7,6,16,0.45,6,1,1,19,Camiseta,51.19,1,239,215,0.03,1,1,2,1
255,47,Hombre,Sevilla,9,13,14,0.51,5,2,1,8,Camiseta,58.19,5,190,587,0.62,0,0,1,1
256,22,Mujer,Sevilla,11,10,13,0.46,1,1,3,6,Merchandising,119.34,2,151,475,0.06,0,0,1,1
257,56,Hombre,Sevilla,7,4,9,0.45,6,7,2,18,Camiseta,70.78,0,86,1694,0.62,0,0,3,0
258,48,Hombre,Sevilla,8,5,16,0.33,6,1,4,19,Abono,73.99,3,21,1970,0.69,0,0,3,0
259,55,Hombre,Andalucía,11,1,15,0.15,3,9,4,10,Merchandising,59.71,3,182,859,0.2,1,1,1,0
260,54,Hombre,España,4,7,12,0.16,4,1,1,11,Merchandising,73.64,4,319,1501,0.82,1,0,3,0
261,33,Mujer,Sevilla,9,4,13,0.4,4,0,4,2,Camiseta,84.4,2,158,116,0.91,1,0,3,0
262,55,Mujer,Andalucía,11,4,17,0.35,4,6,2,16,Entradas,172.46,4,76,1302,0.81,0,0,2,0
263,16,Hombre,Andalucía,8,4,15,0.46,5,1,1,6,Entradas,84.79,4,329,1894,0.31,0,0,1,1
264,26,Hombre,Sevilla,6,3,10,0.31,7,9,4,9,Entradas,115.69,0,203,1493,0.59,0,0,3,1
265,43,Mujer,España,7,7,9,0.58,7,4,0,14,Entradas,81.52,1,229,1310,0.91,0,0,2,1
266,40,Hombre,Andalucía,13,6,10,0.7,5,4,0,1,Abono,4.03,4,152,1330,0.32,0,0,2,1
267,38,Mujer,Sevilla,14,7,12,0.31,13,2,0,12,Merchandising,55.15,1,263,1843,0.82,1,1,2,0
268,46,Hombre,España,17,8,14,0.24,8,2,0,3,Entradas,84.76,3,72,467,0.01,1,0,3,1
269,45,Hombre,Andalucía,5,6,10,0.18,2,2,0,17,Abono,100.32,2,225,545,0.0,0,0,1,0
270,57,Mujer,Andalucía,16,4,14,0.53,3,5,1,0,Merchandising,82.36,3,131,1630,0.76,0,1,3,0
271,50,Hombre,Andalucía,4,3,10,0.41,5,3,3,1,Camiseta,107.21,0,360,976,0.76,0,0,1,1
272,22,Mujer,Andalucía,16,7,10,0.23,9,2,3,1,Camiseta,23.9,0,28,1255,0.79,0,0,5,0
273,31,Hombre,España,10,5,12,0.56,7,1,1,3,Abono,76.71,4,299,1628,0.93,0,0,2,0
274,41,Hombre,Sevilla,9,4,10,0.2,6,2,1,2,Merchandising,121.48,1,97,1708,0.12,1,0,1,0
275,63,Hombre,Sevilla,15,5,13,0.49,7,3,2,16,Entradas,41.0,2,46,785,0.23,0,0,2,1
276,64,Mujer,Sevilla,14,4,11,0.47,5,5,3,13,Merchandising,114.22,1,1,1857,0.9,0,0,2,1
277,17,Hombre,España,3,8,7,0.61,6,3,0,1,Entradas,112.41,5,166,826,0.18,0,0,1,0
278,16,Hombre,Sevilla,12,2,10,0.14,4,7,1,15,Abono,31.7,1,245,1233,0.68,0,0,0,1
279,63,Hombre,España,13,4,12,0.72,3,2,0,10,Entradas,86.83,3,219,715,0.53,1,0,2,0
280,27,Hombre,Andalucía,9,8,8,0.59,7,2,3,12,Abono,80.56,2,102,354,0.08,0,0,3,0
281,20,Mujer,España,16,9,5,0.25,6,2,4,0,Merchandising,68.83,3,291,1978,0.29,1,0,1,0
282,52,Mujer,Internacional,9,4,18,0.23,4,7,4,1,Merchandising,21.56,1,204,652,0.52,0,0,2,1
283,47,Hombre,España,10,3,17,0.4,5,3,1,1,Entradas,65.79,5,202,716,0.85,1,0,4,0
284,24,Mujer,España,4,5,11,0.67,5,0,2,4,Merchandising,69.53,1,54,1528,0.71,0,0,2,0
285,56,Hombre,Andalucía,5,5,14,0.69,3,1,0,3,Entradas,15.56,3,280,1718,0.62,0,0,2,0
286,50,Hombre,Andalucía,12,4,9,0.46,2,9,1,11,Merchandising,29.32,4,278,429,0.5,1,0,2,0
287,34,Hombre,Sevilla,7,8,8,0.7,1,1,2,2,Camiseta,42.56,4,16,897,0.3,1,1,2,1
288,63,Mujer,Sevilla,10,7,13,0.1,3,2,0,19,Entradas,38.31,1,13,246,0.12,1,0,3,0
289,31,Mujer,Andalucía,8,6,11,0.12,2,5,3,9,Abono,86.42,4,356,838,0.41,0,0,2,0
290,18,Mujer,Andalucía,10,8,17,0.74,6,7,4,19,Camiseta,106.9,1,356,990,0.03,1,0,1,0
291,35,Mujer,Sevilla,10,5,9,0.64,4,0,2,17,Abono,64.13,2,318,1506,0.21,1,0,2,0
292,39,Mujer,Andalucía,6,4,12,0.42,4,8,0,9,Merchandising,101.82,3,87,1030,0.43,0,0,2,1
293,48,Mujer,España,5,8,15,0.63,7,0,1,0,Camiseta,108.34,5,78,1457,0.42,1,1,1,0
294,39,Mujer,Andalucía,5,4,6,0.77,4,9,0,5,Merchandising,72.01,3,67,961,0.04,0,1,2,0
295,26,Mujer,España,10,5,12,0.64,3,1,1,10,Entradas,89.28,5,347,269,0.59,0,0,0,0
296,64,Mujer,España,6,5,13,0.69,4,2,4,1,Abono,67.18,1,211,1791,0.55,0,0,4,0
297,23,Hombre,Internacional,10,6,8,0.63,4,6,4,6,Merchandising,35.7,2,214,1239,0.08,1,0,3,1
298,51,Mujer,Andalucía,8,3,12,0.22,5,8,0,19,Abono,48.86,2,185,77,0.94,0,0,2,1
299,53,Mujer,España,7,1,23,0.68,6,2,0,17,Abono,86.42,4,33,1439,0.1,0,0,5,1
300,55,Mujer,Internacional,11,5,6,0.24,3,7,1,18,Merchandising,70.75,1,115,1261,0.85,0,1,4,0
301,35,Mujer,Internacional,10,7,15,0.72,4,8,1,3,Entradas,100.8,2,275,1210,0.0,0,1,2,1
302,50,Mujer,Sevilla,3,4,16,0.42,3,9,2,12,Abono,8.96,1,198,1278,0.88,0,1,1,1
303,63,Mujer,Andalucía,13,6,5,0.57,2,6,2,17,Merchandising,17.37,2,143,1197,0.02,0,0,0,0
304,40,Mujer,Sevilla,10,5,13,0.45,0,3,2,19,Entradas,21.51,4,228,1472,0.76,1,0,0,1
305,50,Mujer,Sevilla,10,6,11,0.17,5,3,0,12,Merchandising,80.83,1,120,1164,0.36,1,0,2,1
306,40,Mujer,Andalucía,8,7,9,0.3,4,3,2,18,Entradas,26.77,8,353,1883,0.74,1,0,0,0
307,44,Mujer,España,11,4,14,0.79,7,5,0,16,Abono,86.2,6,24,904,0.4,1,0,4,0
308,33,Mujer,España,6,1,12,0.77,1,3,4,0,Camiseta,101.36,4,27,1927,0.07,0,0,1,1
309,61,Hombre,Sevilla,9,3,14,0.32,3,4,3,5,Merchandising,128.07,4,75,1518,0.77,0,0,2,0
310,33,Hombre,España,10,7,17,0.8,5,8,4,18,Abono,124.21,2,241,161,0.07,0,0,3,1
311,17,Mujer,Andalucía,8,4,8,0.69,5,6,0,19,Merchandising,50.66,3,23,654,0.92,0,0,2,1
312,50,Mujer,España,14,3,11,0.53,7,7,0,0,Merchandising,16.56,5,161,1889,0.05,1,0,5,1
313,31,Hombre,Internacional,8,6,13,0.13,2,4,3,7,Entradas,52.88,3,41,630,0.48,0,0,1,0
314,56,Mujer,Andalucía,13,3,8,0.73,4,4,1,16,Merchandising,109.19,3,238,702,0.72,1,0,0,0
315,51,Hombre,Sevilla,12,10,14,0.49,4,6,1,14,Entradas,61.36,1,239,363,0.39,0,0,3,0
316,48,Hombre,España,10,7,10,0.71,4,7,1,17,Abono,74.15,3,56,1973,0.22,1,0,2,1
317,19,Hombre,Sevilla,14,8,11,0.68,6,8,2,6,Merchandising,55.5,3,98,1128,0.76,0,0,3,1
318,48,Hombre,Sevilla,12,4,10,0.68,8,1,1,15,Abono,130.34,3,146,1846,0.78,0,0,2,1
319,29,Hombre,España,14,1,18,0.59,6,2,2,6,Camiseta,39.49,3,262,1465,0.92,1,0,0,0
320,36,Mujer,Sevilla,10,6,15,0.3,5,1,2,16,Abono,77.34,2,40,1572,0.38,0,0,2,1
321,63,Hombre,España,9,8,13,0.34,3,9,1,3,Merchandising,113.79,3,193,1678,0.51,1,1,1,1
322,35,Mujer,Sevilla,13,6,13,0.32,2,6,1,11,Camiseta,139.45,3,239,65,0.36,0,1,3,0
323,23,Mujer,España,6,11,12,0.11,7,1,3,12,Entradas,50.68,5,42,807,0.26,0,0,3,0
324,22,Hombre,Sevilla,7,5,4,0.51,3,1,3,3,Camiseta,108.63,1,222,1678,0.75,1,0,1,1
325,18,Hombre,Internacional,9,4,12,0.59,6,1,2,0,Merchandising,52.87,3,196,1857,0.34,0,0,0,1
326,32,Mujer,España,10,9,10,0.7,2,3,3,0,Merchandising,123.2,5,288,252,0.43,1,0,3,1
327,48,Hombre,Sevilla,5,4,9,0.2,7,0,2,6,Abono,135.53,2,10,1776,0.4,0,0,1,0
328,63,Hombre,Andalucía,12,2,15,0.48,4,1,0,8,Entradas,43.86,2,235,559,0.71,0,1,6,0
329,27,Mujer,Internacional,10,5,10,0.11,9,2,2,0,Merchandising,97.87,2,325,270,0.92,0,0,2,1
330,37,Mujer,Andalucía,11,8,12,0.17,9,6,2,15,Merchandising,113.97,3,265,163,0.67,0,1,1,1
331,37,Hombre,Sevilla,8,6,10,0.14,3,9,3,17,Entradas,64.7,1,69,1785,0.47,0,0,2,1
332,61,Mujer,Andalucía,6,7,11,0.61,10,0,0,14,Entradas,94.17,2,139,420,0.78,0,0,2,1
333,45,Hombre,Andalucía,7,9,9,0.16,8,5,4,5,Abono,96.0,1,355,131,0.64,0,0,0,0
334,53,Hombre,España,10,6,9,0.6,3,2,4,1,Camiseta,145.34,2,219,1705,0.06,0,0,3,1
335,53,Hombre,Andalucía,6,6,9,0.27,6,2,4,8,Entradas,6.01,2,196,710,0.1,0,0,1,0
336,60,Mujer,Andalucía,7,6,12,0.71,5,3,0,3,Merchandising,73.04,2,74,527,0.04,0,0,2,0
337,23,Mujer,Sevilla,8,9,9,0.67,4,3,1,12,Entradas,31.24,3,103,540,0.46,0,0,2,0
338,42,Mujer,Andalucía,11,4,14,0.77,1,6,0,10,Merchandising,75.48,2,225,732,0.83,0,0,3,1
339,42,Mujer,Andalucía,7,6,12,0.72,3,2,3,12,Abono,47.6,1,123,1023,0.31,0,0,1,1
340,49,Mujer,Sevilla,12,3,15,0.75,5,7,2,10,Camiseta,66.08,4,102,1590,0.38,0,0,1,0
341,36,Hombre,Internacional,11,14,13,0.7,5,7,2,18,Abono,44.4,3,264,978,0.91,0,0,2,0
342,45,Hombre,Andalucía,7,3,16,0.59,7,6,3,7,Entradas,80.44,3,161,1598,0.84,1,0,1,1
343,48,Hombre,Andalucía,10,5,11,0.22,2,1,3,6,Merchandising,112.59,1,233,1396,0.67,1,0,3,1
344,43,Hombre,España,12,5,14,0.29,4,4,2,15,Entradas,61.95,7,275,870,0.27,0,1,1,1
345,62,Mujer,Andalucía,7,7,11,0.25,4,5,1,2,Entradas,125.07,5,258,35,0.12,0,0,4,0
346,48,Hombre,España,9,8,13,0.52,4,9,1,16,Entradas,111.54,1,311,987,0.02,1,0,0,0
347,20,Mujer,Andalucía,10,4,11,0.45,8,3,1,17,Entradas,146.19,5,139,223,0.11,0,0,2,0
348,63,Hombre,Sevilla,8,8,7,0.71,9,9,3,14,Camiseta,89.4,3,227,771,0.29,1,1,5,0
349,34,Mujer,Andalucía,8,10,13,0.77,6,4,2,16,Merchandising,72.84,7,273,1190,0.55,1,0,3,0
350,19,Mujer,Andalucía,20,13,21,0.38,3,8,2,10,Entradas,19.52,2,317,1888,0.06,0,0,3,0
351,50,Hombre,España,9,10,12,0.45,5,6,2,4,Merchandising,47.64,2,86,941,0.14,0,0,2,0
352,64,Hombre,Sevilla,8,5,13,0.78,5,1,0,15,Camiseta,67.72,2,291,502,0.18,1,0,4,0
353,32,Hombre,Sevilla,14,5,12,0.29,4,0,0,14,Merchandising,71.87,3,217,245,0.63,1,0,3,1
354,59,Hombre,Sevilla,11,6,12,0.65,3,1,4,9,Merchandising,157.21,3,359,1402,0.62,0,0,0,0
355,43,Mujer,Sevilla,8,6,9,0.26,2,2,0,13,Camiseta,67.76,2,66,905,0.55,0,0,1,0
356,45,Hombre,España,13,5,12,0.58,3,1,1,1,Entradas,13.11,2,257,1236,0.25,0,0,6,1
357,44,Hombre,Sevilla,7,4,15,0.28,3,2,1,15,Merchandising,98.26,1,135,1221,0.37,0,1,4,1
358,61,Mujer,Andalucía,10,5,13,0.72,6,9,1,18,Abono,96.23,4,55,1847,0.1,1,1,5,1
359,21,Hombre,Andalucía,14,5,11,0.49,6,8,1,7,Merchandising,58.94,8,356,67,0.23,1,0,3,1
360,50,Hombre,Andalucía,13,7,13,0.23,2,3,4,14,Entradas,149.47,5,243,1728,0.9,0,0,3,1
361,56,Hombre,España,11,8,11,0.26,2,8,1,9,Abono,8.62,3,252,500,0.98,1,0,0,1
362,52,Hombre,Andalucía,12,3,13,0.45,3,2,3,4,Entradas,118.73,4,21,481,0.65,0,0,2,1
363,39,Hombre,España,8,7,10,0.77,10,0,3,19,Merchandising,64.81,3,307,1543,0.92,0,0,2,1
364,44,Mujer,Andalucía,7,4,7,0.64,1,4,3,15,Camiseta,41.74,3,163,1195,0.64,0,1,3,0
365,64,Hombre,Sevilla,12,10,9,0.44,4,9,0,11,Entradas,159.01,5,356,1042,0.03,0,0,1,0
366,61,Hombre,Internacional,5,2,8,0.34,3,9,2,12,Entradas,100.78,4,264,1813,1.0,0,0,5,1
367,46,Hombre,Sevilla,7,7,13,0.48,8,1,4,8,Camiseta,64.55,3,68,1996,0.1,0,0,7,0
368,50,Hombre,Sevilla,10,8,10,0.62,1,3,3,16,Merchandising,63.84,1,107,132,0.68,1,0,3,1
369,48,Hombre,España,10,6,20,0.65,8,1,3,19,Entradas,84.64,3,67,1764,0.25,1,0,2,0
370,36,Mujer,Sevilla,9,7,13,0.33,8,1,1,11,Merchandising,58.83,6,199,1765,0.39,0,0,4,0
371,47,Hombre,España,12,4,7,0.6,5,2,3,4,Merchandising,120.49,2,192,71,0.65,0,0,1,1
372,38,Mujer,Andalucía,10,8,12,0.56,9,4,1,11,Merchandising,78.07,1,2,976,0.44,0,0,0,0
373,48,Mujer,Internacional,8,6,13,0.77,5,3,1,0,Camiseta,110.61,3,257,1200,0.25,1,0,2,1
374,18,Hombre,España,5,6,9,0.75,10,1,2,19,Merchandising,82.28,4,1,95,0.33,0,0,2,1
375,33,Hombre,Andalucía,10,4,12,0.65,9,9,0,15,Merchandising,105.44,2,358,972,0.34,0,1,0,1
376,40,Hombre,Internacional,14,5,21,0.61,4,1,1,11,Abono,122.09,1,115,222,0.96,0,1,2,0
377,57,Hombre,Sevilla,12,8,16,0.29,5,5,1,8,Abono,133.83,3,88,1351,0.8,0,0,0,1
378,46,Mujer,Internacional,11,8,10,0.69,7,6,2,12,Abono,92.18,2,197,1091,0.46,0,0,1,1
379,18,Hombre,Sevilla,10,2,7,0.4,8,9,1,16,Entradas,44.67,7,92,531,0.2,1,1,0,1
380,55,Hombre,Andalucía,5,5,10,0.29,4,5,4,16,Entradas,68.96,3,274,1706,0.81,1,0,2,1
381,61,Hombre,Sevilla,8,8,13,0.37,2,6,0,3,Abono,74.09,3,344,1671,0.16,0,0,1,1
382,39,Hombre,Andalucía,13,9,15,0.69,8,0,4,13,Camiseta,54.94,6,160,1481,0.21,0,0,1,1
383,47,Hombre,Sevilla,9,6,10,0.2,7,5,3,18,Camiseta,49.09,5,173,693,0.37,0,0,0,1
384,62,Hombre,España,5,9,10,0.42,5,2,0,6,Abono,81.11,5,33,381,0.88,1,0,0,0
385,37,Mujer,España,7,5,11,0.44,9,0,3,2,Entradas,40.58,5,73,1979,0.13,0,0,1,0
386,38,Mujer,Internacional,5,3,11,0.13,8,7,1,0,Entradas,33.79,7,196,355,0.12,0,1,0,0
387,17,Hombre,Sevilla,13,3,14,0.24,6,3,2,11,Camiseta,15.69,1,284,1091,0.49,0,0,7,0
388,42,Hombre,Andalucía,8,8,7,0.68,6,9,4,14,Merchandising,91.81,4,87,1150,0.28,0,0,1,1
389,57,Hombre,Andalucía,10,3,13,0.68,5,7,3,10,Camiseta,86.94,0,309,137,0.57,0,0,4,0
390,17,Mujer,Sevilla,10,4,9,0.3,4,9,1,9,Merchandising,63.64,4,224,660,0.45,0,0,2,1
391,41,Hombre,Sevilla,11,7,16,0.71,9,3,4,1,Entradas,109.8,6,44,180,0.43,0,1,4,0
392,32,Mujer,Andalucía,15,4,10,0.64,2,3,4,3,Entradas,40.04,2,336,1127,0.11,0,1,2,0
393,55,Hombre,España,10,9,8,0.39,8,9,3,16,Abono,88.33,2,138,1110,0.14,0,0,2,0
394,48,Hombre,Andalucía,8,4,11,0.62,5,3,1,16,Entradas,76.9,3,270,907,0.82,0,1,2,0
395,24,Hombre,Andalucía,10,3,10,0.77,4,5,2,7,Merchandising,49.08,2,359,364,0.89,0,0,4,0
396,58,Hombre,Sevilla,12,6,10,0.42,5,8,3,13,Camiseta,57.76,7,36,1305,0.23,0,0,1,0
397,63,Mujer,Sevilla,11,5,8,0.27,3,4,4,3,Abono,55.07,2,34,1972,0.11,0,0,2,1
398,54,Mujer,Sevilla,12,5,14,0.76,8,9,4,5,Merchandising,83.85,4,88,833,0.05,1,0,3,0
399,44,Hombre,Internacional,7,5,12,0.52,7,7,0,18,Camiseta,95.77,3,146,1878,0.61,0,1,5,0
400,57,Hombre,Sevilla,20,9,7,0.17,4,7,1,3,Camiseta,60.08,2,16,796,0.72,0,0,1,1
401,41,Mujer,Sevilla,11,6,12,0.5,2,3,0,2,Camiseta,50.08,3,233,1307,0.37,0,0,2,0
402,50,Mujer,Sevilla,14,8,12,0.45,3,9,2,19,Entradas,79.8,2,41,1438,0.68,0,0,0,0
403,40,Mujer,España,7,5,12,0.7,2,8,3,5,Camiseta,17.19,1,255,1509,0.71,0,0,3,0
404,39,Mujer,Internacional,5,8,12,0.47,7,8,4,6,Entradas,76.2,3,281,288,0.94,1,0,3,0
405,28,Hombre,España,9,11,13,0.28,5,4,1,13,Camiseta,129.66,3,126,811,0.06,0,0,0,1
406,22,Mujer,Andalucía,12,2,15,0.57,6,5,4,11,Camiseta,50.36,0,8,1518,0.19,0,0,1,0
407,51,Hombre,Andalucía,11,3,9,0.48,2,4,0,15,Entradas,68.81,2,350,63,0.07,1,0,0,1
408,60,Mujer,Sevilla,11,8,11,0.26,6,2,0,19,Entradas,110.86,3,340,1548,0.87,1,0,0,1
409,35,Mujer,Internacional,7,3,6,0.5,3,7,3,7,Merchandising,101.41,1,324,355,0.79,1,0,1,0
410,16,Mujer,España,12,3,18,0.68,3,8,1,1,Camiseta,77.16,2,176,866,0.57,1,0,3,1
411,23,Mujer,Andalucía,8,4,11,0.12,3,3,1,12,Entradas,72.95,5,228,1291,0.08,1,0,2,0
412,61,Mujer,España,12,7,14,0.54,6,8,3,7,Merchandising,31.76,4,323,720,0.27,0,0,5,0
413,31,Hombre,España,4,1,7,0.34,5,8,0,19,Merchandising,92.19,2,18,1669,0.3,0,0,2,0
414,29,Hombre,Andalucía,8,6,16,0.3,8,6,0,15,Entradas,27.98,3,56,1594,0.56,0,0,2,0
415,27,Mujer,Internacional,7,10,12,0.37,4,7,0,3,Camiseta,2.72,2,35,768,0.26,1,0,2,1
416,38,Mujer,Internacional,9,6,11,0.34,5,2,4,15,Merchandising,110.28,2,118,1519,0.07,1,0,1,0
417,30,Hombre,Andalucía,15,9,14,0.68,5,4,2,19,Camiseta,88.54,6,282,773,0.73,0,0,2,1
418,43,Mujer,Andalucía,13,5,8,0.29,7,2,0,5,Camiseta,105.79,2,254,1357,0.3,0,0,1,1
419,49,Mujer,Sevilla,14,10,11,0.61,6,6,2,3,Merchandising,49.22,3,213,1915,0.45,1,0,0,0
420,17,Hombre,Andalucía,6,8,13,0.17,1,5,2,15,Entradas,91.32,2,61,876,0.13,1,0,4,1
421,47,Mujer,Sevilla,9,2,15,0.77,2,2,1,12,Camiseta,59.63,3,88,146,0.8,0,0,1,1
422,38,Mujer,Andalucía,9,3,13,0.54,7,8,3,4,Abono,63.55,4,271,1260,0.57,1,0,3,0
423,37,Hombre,Internacional,9,3,10,0.59,9,0,4,14,Entradas,109.08,1,347,1965,0.9,0,0,1,0
424,40,Hombre,Andalucía,10,4,8,0.31,10,9,2,7,Merchandising,69.76,2,32,1750,0.5,0,0,2,0
425,37,Hombre,Andalucía,9,3,6,0.39,7,2,4,6,Abono,50.63,6,133,1534,0.94,0,0,2,0
426,37,Mujer,Sevilla,19,6,17,0.26,7,9,1,13,Camiseta,27.21,1,64,679,0.89,0,1,1,0
427,64,Hombre,Sevilla,13,4,11,0.75,2,6,0,6,Entradas,87.62,1,199,432,0.58,0,1,2,0
428,57,Hombre,España,11,8,11,0.44,5,2,2,6,Abono,112.08,3,256,1026,0.93,1,1,0,1
429,21,Hombre,Sevilla,11,6,18,0.54,5,2,3,17,Entradas,47.59,3,342,1888,0.32,1,0,2,1
430,30,Hombre,Sevilla,11,6,11,0.61,7,1,1,9,Camiseta,99.11,1,155,1729,0.37,1,0,1,0
431,58,Hombre,Andalucía,7,3,17,0.36,5,8,4,17,Entradas,42.0,2,231,1953,0.05,0,0,1,0
432,52,Hombre,España,4,5,11,0.6,6,3,0,13,Abono,101.23,2,301,1640,0.59,0,0,0,0
433,48,Mujer,España,8,7,6,0.57,4,9,4,9,Entradas,76.15,3,35,262,0.72,0,0,3,0
434,23,Mujer,Sevilla,4,3,13,0.59,11,5,3,6,Merchandising,84.37,4,26,958,0.77,0,0,1,0
435,59,Hombre,Andalucía,12,9,10,0.44,5,1,2,6,Merchandising,50.59,2,23,1337,0.15,0,0,2,1
436,59,Hombre,Andalucía,14,3,11,0.37,6,8,3,6,Abono,87.51,4,141,509,0.44,0,0,1,0
437,20,Hombre,Andalucía,11,6,12,0.26,3,6,4,4,Entradas,54.08,4,285,1942,0.18,0,1,5,0
438,54,Mujer,Andalucía,14,2,10,0.68,1,9,4,0,Abono,60.52,4,320,1820,0.66,1,0,1,0
439,19,Mujer,Sevilla,9,8,12,0.53,5,4,3,13,Entradas,21.88,5,156,1005,0.16,0,0,4,1
440,21,Mujer,Andalucía,13,2,11,0.41,5,6,3,17,Camiseta,47.97,4,113,38,0.9,1,1,1,1
441,60,Mujer,Andalucía,12,7,15,0.76,5,3,3,12,Merchandising,56.61,5,139,744,0.23,0,0,0,0
442,47,Mujer,España,7,8,14,0.13,6,9,0,7,Camiseta,85.95,2,209,1955,0.29,1,1,3,0
443,45,Mujer,Andalucía,12,5,17,0.7,1,6,4,7,Entradas,95.85,2,323,408,0.85,0,0,3,0
444,62,Mujer,Andalucía,5,1,11,0.8,11,1,1,9,Camiseta,53.72,5,364,1870,0.46,0,0,2,0
445,50,Mujer,Andalucía,10,7,16,0.72,1,6,0,16,Abono,69.24,1,86,1656,0.02,0,0,3,1
446,55,Mujer,Andalucía,8,5,14,0.67,5,3,0,5,Abono,134.02,1,285,410,0.49,1,0,2,1
447,31,Hombre,España,9,5,11,0.36,6,3,0,14,Entradas,79.59,1,60,873,0.08,0,0,2,1
448,28,Hombre,Andalucía,11,5,11,0.26,5,0,1,14,Merchandising,56.21,3,54,1715,0.99,0,0,1,0
449,57,Hombre,Andalucía,6,6,16,0.61,5,2,3,15,Abono,16.21,2,93,389,0.59,1,0,2,0
450,45,Hombre,España,8,7,14,0.31,3,4,4,7,Merchandising,45.11,6,325,205,0.26,0,0,3,1
451,34,Mujer,Andalucía,8,7,13,0.22,5,4,2,18,Entradas,43.75,1,265,514,0.56,0,0,1,0
452,32,Mujer,Andalucía,15,7,17,0.65,2,1,2,19,Merchandising,144.23,1,213,1458,0.08,0,0,2,1
453,34,Hombre,España,15,9,17,0.32,7,3,4,14,Entradas,45.3,2,333,62,0.8,0,0,2,0
454,43,Mujer,Andalucía,10,6,15,0.74,6,0,1,2,Camiseta,76.79,3,10,1518,0.93,0,0,2,0
455,41,Hombre,Andalucía,10,3,16,0.69,5,8,2,5,Entradas,87.98,3,358,725,0.87,0,0,2,1
456,52,Mujer,Internacional,10,9,11,0.69,4,0,0,7,Camiseta,113.73,3,203,186,0.34,0,0,1,0
457,41,Hombre,Sevilla,10,8,15,0.64,4,5,2,15,Entradas,75.28,0,196,594,0.33,0,0,2,0
458,38,Mujer,Sevilla,10,9,16,0.72,6,6,4,14,Abono,57.14,3,58,1861,0.04,1,1,0,0
459,24,Mujer,Sevilla,14,3,13,0.66,11,2,0,12,Abono,54.82,3,256,231,0.65,0,0,3,1
460,27,Hombre,Internacional,10,9,16,0.52,6,0,2,19,Merchandising,87.47,1,223,1839,0.53,0,1,3,0
461,16,Mujer,Sevilla,7,7,13,0.31,4,6,4,14,Entradas,51.05,1,180,1228,0.46,0,0,1,0
462,16,Hombre,Sevilla,3,11,6,0.72,0,2,1,17,Entradas,36.35,2,362,1297,0.91,0,0,3,1
463,62,Hombre,Sevilla,13,5,7,0.69,5,9,4,12,Entradas,57.13,4,35,1322,0.17,0,0,6,0
464,49,Hombre,Sevilla,13,12,16,0.43,3,5,1,7,Merchandising,28.64,4,359,952,0.01,0,0,4,1
465,47,Hombre,Sevilla,14,6,12,0.13,2,5,0,13,Abono,139.77,5,103,1499,0.07,0,0,1,0
466,63,Mujer,Andalucía,3,5,12,0.55,4,3,4,10,Entradas,95.88,4,161,103,0.22,1,0,1,1
467,40,Mujer,Andalucía,16,5,11,0.14,5,5,3,5,Merchandising,131.73,3,200,125,0.03,0,0,0,0
468,55,Mujer,Sevilla,9,4,11,0.75,8,9,3,0,Entradas,91.99,0,160,1926,0.5,0,0,0,1
469,60,Hombre,Sevilla,14,4,11,0.77,2,3,3,1,Camiseta,128.36,3,183,202,0.31,0,0,2,1
470,16,Mujer,Sevilla,7,4,11,0.23,4,7,3,12,Entradas,87.86,4,353,1952,0.18,0,0,1,1
471,31,Hombre,Sevilla,8,9,11,0.57,9,8,3,0,Camiseta,100.42,3,136,1459,0.75,1,0,2,0
472,54,Mujer,Andalucía,17,0,18,0.16,2,1,1,3,Merchandising,0.32,3,226,184,0.2,0,0,5,0
473,20,Mujer,España,14,7,23,0.61,5,6,4,1,Merchandising,43.0,1,243,1236,0.69,0,1,5,1
474,37,Mujer,Sevilla,7,6,15,0.34,6,8,0,19,Abono,76.29,3,106,1376,0.35,0,0,2,0
475,44,Hombre,Andalucía,13,6,13,0.58,6,8,3,15,Entradas,77.14,0,71,318,0.51,0,0,3,0
476,18,Mujer,Sevilla,5,7,9,0.36,6,4,3,2,Merchandising,72.33,4,77,287,0.93,0,0,2,1
477,27,Mujer,España,10,3,12,0.2,5,0,0,16,Abono,90.85,0,54,1640,0.04,0,0,2,0
478,41,Hombre,España,9,3,12,0.38,5,5,0,4,Entradas,92.3,4,277,203,0.5,0,0,0,1
479,31,Mujer,Andalucía,12,4,12,0.18,5,7,3,7,Merchandising,105.28,4,111,359,0.85,0,0,2,0
480,52,Hombre,Sevilla,11,3,11,0.5,5,0,1,11,Camiseta,98.41,2,224,1284,0.59,0,0,1,1
481,37,Mujer,Internacional,10,5,10,0.13,2,1,0,11,Merchandising,117.14,3,75,788,0.28,0,0,4,0
482,44,Hombre,Sevilla,5,6,16,0.47,2,0,4,0,Camiseta,117.43,3,14,1049,0.4,0,0,0,0
483,29,Hombre,Sevilla,6,7,10,0.72,7,4,4,0,Abono,81.11,8,258,190,0.68,0,0,4,1
484,43,Mujer,Sevilla,12,2,14,0.69,4,1,1,14,Abono,147.86,5,189,215,0.89,1,0,6,0
485,20,Hombre,Sevilla,13,6,9,0.72,5,9,2,16,Entradas,122.58,3,364,1956,0.04,0,1,3,1
486,62,Hombre,Internacional,10,6,14,0.75,2,9,1,1,Entradas,46.76,2,239,172,0.07,1,1,2,1
487,64,Hombre,España,5,3,15,0.17,4,3,3,16,Entradas,88.74,3,334,1335,0.33,0,0,2,0
488,45,Hombre,Sevilla,7,5,10,0.19,6,0,2,19,Abono,10.51,3,304,936,0.23,1,0,1,1
489,61,Hombre,Andalucía,13,7,14,0.49,3,6,3,8,Camiseta,16.4,1,91,669,0.26,0,0,2,0
490,20,Hombre,Internacional,9,4,15,0.73,6,7,4,11,Entradas,57.52,4,184,1731,0.22,0,0,2,1
491,27,Mujer,España,9,5,15,0.78,3,4,0,3,Entradas,44.36,8,17,56,0.2,1,0,2,0
492,31,Hombre,Andalucía,10,2,6,0.13,9,1,3,12,Abono,57.73,1,12,1299,0.13,1,1,2,1
493,41,Hombre,Internacional,11,5,8,0.35,0,7,4,3,Camiseta,86.5,5,166,1540,0.93,0,0,3,1
494,41,Mujer,Internacional,9,7,18,0.25,2,0,1,6,Merchandising,117.89,5,146,1700,0.14,0,0,2,0
495,63,Mujer,España,11,5,12,0.63,3,6,3,13,Entradas,116.01,4,282,1950,0.2,0,1,1,1
496,36,Mujer,Sevilla,10,6,14,0.55,9,0,4,8,Merchandising,89.46,10,37,231,0.25,1,0,2,0
497,54,Mujer,Andalucía,6,8,13,0.18,4,5,0,0,Merchandising,36.95,5,70,1074,0.93,0,1,2,0
498,51,Mujer,España,17,4,13,0.44,7,5,3,0,Entradas,55.49,3,169,1644,0.76,0,0,3,0
499,48,Mujer,Sevilla,10,7,17,0.58,6,4,4,19,Abono,97.3,3,335,699,0.79,1,1,2,0
500,45,Mujer,España,13,6,6,0.65,9,1,3,3,Entradas,46.09,2,170,1147,0.1,1,0,3,0
