Fan_ID,edad,sexo,localidad,canal,visitas_app,Frecuencia_Visitas_Web,tiempo_medio_sesion_min,rebote_pct,Interacciones_RRSS,uso_newsletter,clickrate_newsletter,Compras_Ecommerce,Gasto_Total_€,frecuencia_compra_mensual,categoria_fav,conversion_entrada,conversion_merch,conversion_abono,clicks_banner,antiguedad_anios,Miembro_Programa_Fidelidad,uso_app_oficial,participacion_eventos,Nivel_Fan,Fan_Score
1,54,Hombre,España,B2C,7,6,1.6,0.57,17,0,0.18,1,73.73,0.95,Merchandising,0,1,0,13,6,0,0,2,Fiel Tradicional,0.2291074461775419
2,67,Mujer,Andalucía,B2C,5,7,3.7,0.72,20,1,0.74,3,66.65,0.19,Abonos,0,0,0,15,4,0,0,0,Corporativo,0.3062792867767389
3,44,Hombre,España,B2B,4,9,3.6,0.42,24,1,0.25,0,109.16,0.72,Digital,0,0,0,4,13,0,0,0,Fiel Tradicional,0.3358275031492826
4,30,Hombre,Sevilla,B2B,6,16,4.9,0.52,22,1,0.45,0,137.8,2.56,Abonos,0,0,0,9,14,0,0,1,Corporativo,0.4266405511684693
5,58,Mujer,Sevilla,B2C,8,10,4.1,0.23,28,0,0.39,2,45.87,0.66,Merchandising,0,0,0,16,7,1,0,1,Joven Digital,0.5550042801262405
6,23,Mujer,Sevilla,B2C,4,12,4.9,0.66,23,1,0.98,5,87.74,2.2,Entradas,0,0,0,12,8,1,0,3,Fiel Tradicional,0.6587972897019231
7,36,Hombre,Sevilla,B2C,3,12,5.1,0.78,16,1,0.39,1,42.41,1.07,Entradas,0,0,0,15,4,0,0,1,Joven Digital,0.2469740749596571
8,54,Mujer,Andalucía,B2C,2,14,7.2,0.29,26,1,0.08,1,90.05,0.26,Entradas,0,1,0,8,7,0,0,2,Internacional Ocasional,0.4075757458132912
9,34,Hombre,Sevilla,B2C,3,7,3.5,0.45,28,1,0.09,2,51.65,1.04,Digital,0,0,0,3,12,1,0,2,Joven Digital,0.5302457941419718
10,38,Mujer,Andalucía,B2C,9,10,2.6,0.16,20,0,0.59,2,111.35,0.85,Merchandising,0,0,1,15,0,0,0,3,Fiel Tradicional,0.3656047088634324
11,26,Hombre,Internacional,B2C,5,7,4.4,0.49,24,1,0.6,1,72.0,0.61,Abonos,0,1,0,10,0,0,0,1,Joven Digital,0.2959256769275836
12,26,Mujer,Sevilla,B2C,4,13,2.8,0.45,29,1,0.42,0,76.39,0.15,Abonos,0,0,0,6,6,0,0,1,Fiel Tradicional,0.3809304849533119
13,39,Hombre,Andalucía,B2C,7,9,6.2,0.2,22,0,0.43,3,123.93,0.65,Abonos,0,0,0,16,14,0,0,0,Corporativo,0.4115895933414277
14,68,Hombre,España,B2C,8,16,3.6,0.41,14,1,0.05,1,53.01,0.09,Abonos,0,0,0,12,5,0,0,2,Internacional Ocasional,0.2849207840238983
15,51,Hombre,Sevilla,B2C,4,9,3.2,0.33,15,0,0.52,1,95.55,0.12,Digital,0,0,0,3,4,1,0,0,Joven Digital,0.4697675586097818
16,55,Mujer,Andalucía,B2C,4,12,3.3,0.47,18,1,0.5,1,56.0,0.65,Digital,0,0,0,13,13,1,0,3,Internacional Ocasional,0.4796770859534227
17,39,Hombre,España,B2B,8,11,5.1,0.51,22,0,0.15,2,110.89,0.44,Merchandising,0,0,0,9,14,0,0,1,Joven Digital,0.3922548864343288
18,18,Hombre,Internacional,B2C,5,10,3.8,0.11,20,1,0.1,2,128.6,3.12,Abonos,1,1,0,9,4,0,1,0,Fiel Tradicional,0.3859598920600812
19,37,Mujer,Sevilla,B2C,5,9,3.0,0.63,21,1,0.12,2,67.11,0.57,Entradas,1,1,0,9,13,0,1,3,Joven Digital,0.3112080565742635
20,68,Mujer,Internacional,B2C,6,12,6.5,0.6,21,1,0.1,0,9.18,1.7,Digital,0,0,0,11,8,0,1,3,Internacional Ocasional,0.2244289887205476
21,17,Hombre,Andalucía,B2C,7,9,2.7,0.36,18,1,0.61,3,54.36,0.91,Merchandising,0,0,0,1,0,0,0,2,Joven Digital,0.2961629211680449
22,39,Hombre,Sevilla,B2B,2,7,4.1,0.14,19,1,0.2,4,147.98,1.46,Merchandising,0,0,0,8,7,0,0,0,Internacional Ocasional,0.4189162171757791
23,59,Mujer,Andalucía,B2C,1,15,5.0,0.63,22,0,0.25,1,57.24,0.36,Digital,1,0,0,4,1,0,1,0,Internacional Ocasional,0.3460525798240956
24,45,Mujer,Internacional,B2C,7,14,1.6,0.77,22,1,0.17,5,128.13,3.41,Entradas,0,0,0,7,6,0,0,1,Fiel Tradicional,0.5191772168931976
25,53,Mujer,Andalucía,B2C,5,17,4.7,0.27,17,1,0.96,2,56.81,0.91,Entradas,1,0,0,13,5,0,1,2,Corporativo,0.3499311401697352
26,17,Mujer,Sevilla,B2B,4,8,2.4,0.33,23,1,0.85,1,56.07,2.14,Abonos,0,0,0,6,9,1,0,1,Corporativo,0.4793210902056013
27,36,Mujer,Andalucía,B2B,4,10,5.2,0.23,18,0,0.23,3,98.38,0.55,Digital,0,1,0,6,1,0,0,2,Joven Digital,0.358633304454126
28,48,Hombre,Sevilla,B2C,3,7,2.6,0.5,25,1,0.33,2,94.78,0.13,Entradas,0,0,0,8,11,1,1,0,Internacional Ocasional,0.5561396521866943
29,27,Mujer,Sevilla,B2C,8,8,5.0,0.21,31,1,0.21,1,100.57,1.34,Digital,0,1,0,2,12,0,0,4,Fiel Tradicional,0.3984982294665213
30,37,Hombre,Sevilla,B2C,7,6,5.7,0.35,17,1,0.49,2,75.15,0.01,Merchandising,0,1,0,13,2,0,0,2,Corporativo,0.2557830612580776
31,59,Hombre,Sevilla,B2B,1,8,5.3,0.59,26,0,0.02,1,106.03,0.77,Merchandising,0,0,0,16,3,0,0,3,Fiel Tradicional,0.3632744207855765
32,40,Hombre,Sevilla,B2C,2,11,4.4,0.49,19,0,0.67,4,103.85,0.26,Merchandising,0,1,0,17,6,0,0,1,Fiel Tradicional,0.4089476116688558
33,64,Mujer,Sevilla,B2B,4,6,3.7,0.37,20,1,0.52,3,109.47,1.18,Digital,1,1,0,11,7,0,0,1,Internacional Ocasional,0.346281025739758
34,42,Hombre,Andalucía,B2C,6,8,3.1,0.39,24,0,0.9,3,56.29,4.66,Abonos,0,0,0,13,12,1,0,2,Joven Digital,0.5379140258753556
35,57,Hombre,Sevilla,B2C,4,17,6.2,0.49,23,1,0.16,5,106.01,0.75,Abonos,0,0,0,12,10,1,1,2,Internacional Ocasional,0.7329876626784378
36,43,Mujer,Sevilla,B2C,6,14,3.0,0.1,27,0,0.8,1,59.36,2.04,Entradas,0,0,0,13,1,0,1,3,Corporativo,0.3796945532158912
37,31,Hombre,España,B2C,8,12,2.4,0.15,20,1,0.79,3,70.29,0.85,Digital,0,1,0,8,7,0,0,0,Corporativo,0.3632061043812552
38,30,Hombre,Andalucía,B2C,7,12,5.0,0.72,19,0,0.13,3,69.67,0.82,Abonos,0,0,0,18,10,0,1,1,Fiel Tradicional,0.3541411644634626
39,62,Mujer,Andalucía,B2C,5,14,2.8,0.15,12,1,0.4,5,45.06,3.2,Digital,0,0,1,1,8,0,0,2,Internacional Ocasional,0.3378204013485244
40,66,Hombre,Sevilla,B2C,2,10,2.6,0.59,18,1,0.17,2,22.93,2.65,Abonos,0,0,1,10,6,0,0,1,Internacional Ocasional,0.2446015031679144
41,59,Hombre,Sevilla,B2C,1,9,1.8,0.74,17,0,0.25,0,111.71,1.85,Merchandising,0,0,1,16,0,0,1,2,Fiel Tradicional,0.2805031968971931
42,67,Hombre,Sevilla,B2C,7,14,3.3,0.29,22,0,0.26,2,53.93,0.42,Merchandising,0,0,0,1,5,0,1,2,Joven Digital,0.3566204288821055
43,18,Mujer,Sevilla,B2C,4,7,3.9,0.36,20,0,0.56,4,66.91,0.94,Entradas,0,1,0,18,7,0,1,1,Fiel Tradicional,0.3315860895379637
44,52,Mujer,Sevilla,B2B,1,10,4.4,0.5,26,1,0.41,1,53.08,0.3,Merchandising,1,0,0,6,4,0,0,1,Fiel Tradicional,0.3218454900304629
45,66,Mujer,Sevilla,B2B,6,10,5.4,0.72,22,1,0.95,4,67.3,0.7,Abonos,0,1,0,17,11,0,0,1,Corporativo,0.3802919077148887
46,22,Hombre,Sevilla,B2B,5,12,4.8,0.76,29,1,0.13,2,59.82,0.79,Entradas,0,1,0,12,14,0,1,1,Internacional Ocasional,0.4008513931888545
47,36,Hombre,Sevilla,B2B,8,9,3.7,0.62,24,1,0.97,1,113.37,2.14,Entradas,0,0,0,4,1,1,0,4,Corporativo,0.5657953478598852
48,24,Mujer,Andalucía,B2C,5,12,3.7,0.16,28,1,0.23,2,57.28,2.72,Merchandising,1,0,1,17,14,0,1,2,Fiel Tradicional,0.3895208328804783
49,54,Hombre,Sevilla,B2C,4,9,4.8,0.57,24,0,0.77,2,126.44,0.64,Digital,0,1,0,15,4,1,0,3,Internacional Ocasional,0.6062180866645344
50,33,Hombre,Sevilla,B2C,10,12,5.9,0.39,19,0,0.34,2,109.18,0.02,Merchandising,0,1,0,14,7,1,1,0,Fiel Tradicional,0.5757633840634391
51,19,Mujer,Andalucía,B2C,7,8,4.2,0.43,24,0,0.14,3,60.77,2.37,Merchandising,0,0,0,7,1,1,0,1,Fiel Tradicional,0.543200473453384
52,40,Mujer,Andalucía,B2C,4,16,3.3,0.13,17,1,0.86,4,84.59,0.23,Entradas,0,0,0,14,0,1,0,1,Joven Digital,0.6221855194065168
53,29,Hombre,Sevilla,B2C,8,13,2.5,0.23,20,1,0.31,2,90.58,1.17,Merchandising,1,0,0,0,14,0,0,1,Corporativo,0.3726748356524682
54,65,Hombre,España,B2C,5,6,1.8,0.65,17,0,0.66,0,100.25,0.03,Abonos,0,1,0,16,3,1,1,2,Corporativo,0.4354013278224767
55,24,Hombre,Andalucía,B2C,5,9,5.0,0.42,23,1,0.57,2,103.21,0.61,Entradas,1,1,0,14,3,0,1,1,Fiel Tradicional,0.3704731066263806
56,41,Mujer,Sevilla,B2C,5,8,4.9,0.31,22,1,0.47,2,80.6,5.12,Merchandising,0,0,0,13,8,0,0,1,Joven Digital,0.3249334173832126
57,68,Mujer,España,B2C,2,9,4.9,0.37,23,1,0.5,1,46.37,0.13,Digital,0,1,1,13,2,1,1,1,Fiel Tradicional,0.4784013029801478
58,17,Mujer,Internacional,B2C,3,10,3.8,0.7,26,0,0.73,1,94.23,0.66,Abonos,1,0,0,9,3,1,0,2,Fiel Tradicional,0.570402927047396
59,35,Mujer,Sevilla,B2C,4,7,6.1,0.62,17,0,0.09,1,67.9,0.44,Digital,0,1,0,1,2,1,0,0,Fiel Tradicional,0.4327543000518584
60,43,Hombre,Sevilla,B2B,9,12,3.3,0.29,20,1,0.67,1,0.0,2.83,Abonos,0,0,0,5,1,1,0,2,Joven Digital,0.4302631578947368
61,62,Mujer,España,B2C,0,9,5.4,0.18,18,1,0.9,2,86.71,2.44,Digital,0,0,1,16,3,1,0,2,Internacional Ocasional,0.509336264728137
62,22,Mujer,España,B2C,5,13,3.9,0.28,13,1,0.06,1,52.98,0.33,Merchandising,0,0,0,4,13,1,0,2,Joven Digital,0.444973103003541
63,59,Mujer,Sevilla,B2B,5,13,3.1,0.74,16,0,0.14,2,61.25,0.1,Abonos,0,0,0,4,7,1,0,4,Fiel Tradicional,0.5047317908317315
64,23,Mujer,Sevilla,B2B,5,9,4.9,0.51,16,0,0.72,4,75.18,1.18,Entradas,1,0,0,14,0,0,1,1,Internacional Ocasional,0.3290640756117682
65,62,Mujer,Sevilla,B2B,5,7,4.6,0.47,21,1,0.44,4,28.39,0.49,Entradas,1,0,1,14,7,1,1,2,Fiel Tradicional,0.4944654137852152
66,50,Hombre,Andalucía,B2C,4,10,4.5,0.52,20,1,0.4,2,79.17,1.34,Digital,0,0,0,19,7,1,1,1,Joven Digital,0.5276319671087566
67,29,Hombre,Andalucía,B2C,9,9,4.1,0.36,21,1,0.14,2,65.5,0.04,Digital,0,0,0,10,14,1,0,3,Joven Digital,0.5093082394759096
68,32,Mujer,Sevilla,B2C,6,8,3.9,0.66,20,1,0.51,2,48.68,0.17,Digital,0,0,0,4,2,0,1,1,Internacional Ocasional,0.270600811723095
69,51,Hombre,Andalucía,B2C,2,7,7.6,0.47,25,0,0.13,0,76.39,1.39,Abonos,0,1,0,0,13,0,1,4,Joven Digital,0.2844392568831365
70,65,Mujer,España,B2C,6,7,5.8,0.18,14,1,0.48,1,24.29,0.29,Entradas,0,1,0,10,9,0,0,0,Fiel Tradicional,0.15629403690949
71,55,Mujer,Sevilla,B2C,6,12,5.1,0.19,28,1,0.76,0,77.27,2.34,Merchandising,0,0,0,10,9,1,1,2,Internacional Ocasional,0.5631092451761891
72,19,Hombre,Sevilla,B2C,6,6,4.2,0.48,18,0,0.26,1,89.12,0.07,Abonos,0,0,0,5,11,0,0,0,Corporativo,0.2556011429541462
73,17,Hombre,España,B2C,5,9,5.5,0.76,20,1,0.48,1,84.16,0.29,Digital,0,0,1,7,11,0,0,2,Fiel Tradicional,0.2979939043135599
74,21,Mujer,España,B2C,2,10,4.8,0.32,28,0,0.99,3,98.67,7.85,Entradas,0,1,0,1,5,0,0,2,Corporativo,0.4423088408672871
75,69,Mujer,Andalucía,B2C,5,9,4.0,0.71,16,0,0.69,2,109.96,0.68,Digital,0,1,1,14,12,1,0,0,Internacional Ocasional,0.5201048449786925
76,57,Mujer,Andalucía,B2C,3,12,3.5,0.63,18,0,0.84,2,72.56,1.46,Merchandising,1,0,0,8,12,1,1,3,Internacional Ocasional,0.5242180618222055
77,19,Hombre,Sevilla,B2C,3,7,3.9,0.27,19,0,0.41,3,107.86,0.24,Merchandising,0,1,0,14,3,1,0,4,Fiel Tradicional,0.5465741910975443
78,69,Mujer,Andalucía,B2C,3,7,-0.8,0.13,17,0,0.77,1,72.45,1.13,Entradas,0,1,0,7,12,0,0,1,Joven Digital,0.2381233483732932
79,44,Mujer,Andalucía,B2B,6,9,4.3,0.17,14,1,0.04,6,54.02,1.55,Abonos,0,1,0,15,0,0,1,2,Fiel Tradicional,0.3374283842238791
80,33,Mujer,Sevilla,B2C,6,8,3.3,0.61,21,1,0.12,2,63.22,0.45,Merchandising,0,0,0,13,13,0,1,2,Joven Digital,0.296091499472618
81,41,Hombre,Sevilla,B2C,4,12,6.4,0.24,29,1,0.2,4,83.01,2.12,Merchandising,0,0,0,14,0,0,1,0,Joven Digital,0.478215839468871
82,59,Mujer,Sevilla,B2C,5,13,4.0,0.36,14,0,0.4,2,107.56,1.11,Merchandising,0,0,0,19,4,1,0,1,Fiel Tradicional,0.5427114159816913
83,49,Mujer,Sevilla,B2C,5,14,2.2,0.45,26,0,0.85,0,75.04,0.59,Merchandising,1,0,0,12,11,0,0,1,Internacional Ocasional,0.3648637864056566
84,25,Hombre,Sevilla,B2C,7,12,3.9,0.61,30,1,0.35,3,54.79,0.98,Digital,0,0,0,8,7,0,1,3,Fiel Tradicional,0.428249273103107
85,51,Mujer,Sevilla,B2C,5,8,2.4,0.18,10,0,0.65,1,118.33,1.03,Digital,0,0,0,0,0,0,0,0,Corporativo,0.2444552180794188
86,29,Mujer,Sevilla,B2C,3,7,4.7,0.38,18,0,0.71,1,31.96,0.22,Abonos,0,0,0,5,1,0,0,3,Internacional Ocasional,0.1986780516989565
87,46,Hombre,Sevilla,B2C,4,4,4.4,0.44,21,1,0.59,2,54.98,0.62,Entradas,1,0,1,7,6,1,0,0,Joven Digital,0.4442629488051358
88,63,Mujer,España,B2B,7,10,5.4,0.48,22,1,0.36,1,101.78,0.5,Entradas,1,0,0,19,7,0,0,2,Internacional Ocasional,0.3459786738957843
89,30,Hombre,Andalucía,B2C,5,9,2.8,0.67,14,1,0.58,3,127.99,0.61,Entradas,1,0,0,17,11,1,0,2,Fiel Tradicional,0.5497137697923492
90,23,Hombre,Andalucía,B2C,7,10,4.1,0.22,17,1,0.34,2,89.42,1.72,Merchandising,0,1,1,17,13,0,0,2,Internacional Ocasional,0.3147270759647363
91,29,Mujer,España,B2B,8,4,2.0,0.67,22,0,0.08,4,82.5,0.79,Digital,1,1,1,16,2,0,0,1,Joven Digital,0.3350701744034994
92,38,Mujer,Andalucía,B2B,7,8,5.1,0.59,15,1,0.99,0,66.27,3.38,Digital,0,0,0,15,10,0,0,0,Joven Digital,0.1996905318639095
93,55,Mujer,Sevilla,B2C,5,6,4.8,0.49,17,0,0.13,2,91.44,0.42,Abonos,0,0,0,12,11,0,0,4,Internacional Ocasional,0.2750054342594346
94,36,Mujer,Andalucía,B2C,8,6,4.7,0.59,17,1,0.07,2,78.88,0.64,Entradas,1,0,0,3,12,1,0,0,Corporativo,0.4601845008710342
95,31,Hombre,Andalucía,B2C,4,15,4.0,0.39,10,0,0.88,2,52.36,1.86,Digital,1,0,0,3,7,0,1,2,Joven Digital,0.2652941279980291
96,60,Mujer,España,B2C,6,13,4.6,0.2,23,1,0.3,3,65.73,0.95,Abonos,0,1,0,13,0,0,1,0,Corporativo,0.393351571743093
97,33,Hombre,Andalucía,B2C,8,15,6.4,0.57,16,0,0.65,3,48.98,0.95,Entradas,0,0,0,4,8,0,0,0,Joven Digital,0.3363056921021061
98,62,Mujer,Sevilla,B2C,6,8,3.6,0.47,22,1,0.33,0,75.41,0.07,Merchandising,0,0,0,15,11,0,0,4,Internacional Ocasional,0.2688091622649165
99,68,Mujer,Sevilla,B2C,3,9,4.2,0.55,24,1,0.39,2,79.86,0.61,Digital,0,1,0,13,1,1,0,2,Joven Digital,0.5512531919804822
100,39,Mujer,Sevilla,B2B,8,10,2.4,0.34,15,1,0.26,2,124.03,0.38,Digital,0,0,0,13,13,0,0,1,Corporativo,0.3389005768595777
101,41,Hombre,Andalucía,B2B,4,12,2.7,0.73,20,1,0.34,3,57.08,8.78,Entradas,1,0,0,13,12,0,0,1,Corporativo,0.3476181640897925
102,40,Mujer,Andalucía,B2C,7,8,4.1,0.51,22,1,0.41,3,69.58,0.44,Merchandising,0,0,0,13,1,1,0,1,Internacional Ocasional,0.5369297003497593
103,60,Mujer,Sevilla,B2C,2,11,5.7,0.16,19,1,0.72,1,112.78,2.59,Merchandising,1,0,0,18,3,0,1,0,Corporativo,0.3444851065063093
104,56,Mujer,Internacional,B2C,10,10,3.6,0.41,17,1,0.51,1,129.15,1.35,Digital,1,0,0,2,11,0,1,3,Corporativo,0.3366088979011337
105,44,Mujer,Andalucía,B2C,6,9,3.6,0.63,24,1,0.94,2,89.24,0.5,Entradas,0,0,0,16,9,0,0,0,Internacional Ocasional,0.3623216915969787
106,30,Hombre,Sevilla,B2C,4,8,3.4,0.66,21,1,0.04,1,67.39,0.94,Abonos,1,0,0,13,2,0,0,0,Joven Digital,0.2760121437584166
107,60,Mujer,Sevilla,B2C,5,6,3.2,0.45,14,1,0.5,2,60.81,2.2,Digital,0,1,0,9,3,1,1,2,Internacional Ocasional,0.4138617089659069
108,16,Hombre,Sevilla,B2C,6,17,4.4,0.73,16,1,0.58,5,19.71,2.58,Merchandising,0,0,0,12,5,0,0,4,Joven Digital,0.3728194128308558
109,40,Hombre,Sevilla,B2C,4,13,1.8,0.29,21,1,0.92,4,47.17,0.21,Abonos,0,1,0,3,6,1,1,1,Joven Digital,0.5797839079674524
110,22,Hombre,Sevilla,B2C,5,13,5.9,0.39,23,1,0.05,3,78.05,0.5,Entradas,0,0,0,10,4,0,0,1,Joven Digital,0.4078893025826706
111,24,Hombre,Sevilla,B2C,6,11,3.0,0.73,13,1,0.57,4,69.57,0.49,Merchandising,1,0,0,14,1,1,1,1,Fiel Tradicional,0.5184968476119793
112,39,Hombre,Sevilla,B2C,3,11,5.1,0.73,15,1,0.85,0,93.7,0.05,Abonos,1,0,0,14,2,0,1,0,Joven Digital,0.2636371705415524
113,16,Hombre,Sevilla,B2C,7,4,2.1,0.58,18,0,0.24,0,69.14,1.09,Digital,0,0,0,1,9,0,1,3,Internacional Ocasional,0.1859718991856891
114,59,Mujer,España,B2B,7,8,5.0,0.7,14,1,0.88,0,53.22,2.32,Merchandising,1,0,0,10,10,0,0,0,Internacional Ocasional,0.1759580599383289
115,23,Hombre,Sevilla,B2C,8,9,5.0,0.16,17,1,0.02,1,85.24,0.58,Entradas,0,0,0,1,2,0,0,1,Internacional Ocasional,0.2742683157832631
116,39,Hombre,Andalucía,B2C,4,11,4.6,0.71,25,1,0.73,2,150.16,1.62,Merchandising,1,1,0,4,13,1,0,2,Fiel Tradicional,0.6635939034854823
117,26,Hombre,Andalucía,B2C,7,9,2.5,0.32,24,1,0.93,1,65.48,1.19,Digital,0,0,1,12,4,1,1,2,Corporativo,0.5092846392635078
118,66,Mujer,Internacional,B2C,3,7,4.4,0.22,17,0,0.66,1,79.17,0.57,Entradas,0,0,0,0,11,0,0,1,Fiel Tradicional,0.2460530197403355
119,32,Mujer,Sevilla,B2C,4,8,2.2,0.27,19,1,0.44,0,100.41,0.18,Digital,0,1,0,6,10,0,0,0,Internacional Ocasional,0.273309427767306
120,23,Hombre,Sevilla,B2C,4,11,3.6,0.39,16,1,0.04,3,57.85,1.48,Abonos,0,0,1,6,11,0,0,3,Internacional Ocasional,0.3046671231444591
121,50,Mujer,Internacional,B2C,0,9,5.5,0.28,20,1,0.92,3,113.18,2.31,Merchandising,0,0,1,9,4,1,0,2,Corporativo,0.5822378125087336
122,50,Hombre,España,B2C,1,7,5.2,0.32,12,0,0.47,2,27.63,1.39,Digital,1,1,0,5,3,1,0,2,Fiel Tradicional,0.3685686057139427
123,48,Hombre,España,B2B,1,13,4.0,0.19,16,1,0.03,2,62.77,0.02,Abonos,0,0,0,19,7,0,0,3,Internacional Ocasional,0.3065254069742767
124,20,Mujer,Sevilla,B2C,7,8,2.5,0.31,15,1,0.69,1,65.66,0.29,Entradas,1,0,0,11,5,1,0,3,Joven Digital,0.4239707253856513
125,57,Hombre,Sevilla,B2C,5,8,5.0,0.5,16,0,0.48,0,79.53,0.09,Entradas,0,0,0,12,5,1,0,1,Joven Digital,0.4236708060197103
126,54,Mujer,Andalucía,B2B,5,11,4.0,0.41,29,0,0.12,1,15.86,1.01,Abonos,0,0,0,10,0,0,1,3,Internacional Ocasional,0.313451810539979
127,56,Mujer,Internacional,B2C,8,9,0.5,0.34,18,0,0.21,0,115.58,1.7,Abonos,0,0,0,17,5,1,1,1,Joven Digital,0.4934031713302963
128,43,Hombre,Andalucía,B2B,3,6,5.2,0.62,10,1,0.06,4,87.43,0.14,Entradas,0,0,0,1,2,0,1,3,Corporativo,0.261940258339518
129,22,Hombre,Andalucía,B2C,5,6,4.0,0.73,22,0,0.57,2,108.68,2.19,Digital,0,1,0,15,12,0,0,1,Internacional Ocasional,0.3370154840165491
130,24,Mujer,Sevilla,B2C,3,16,5.8,0.63,29,0,0.62,1,123.39,0.97,Abonos,0,1,0,1,5,0,1,3,Fiel Tradicional,0.4929699314662253
131,23,Hombre,España,B2C,5,19,2.4,0.33,23,1,0.51,5,52.78,1.41,Digital,0,0,1,18,9,0,0,2,Internacional Ocasional,0.4912283289496974
132,27,Hombre,Sevilla,B2C,1,12,-0.8,0.62,20,0,0.82,1,0.17,4.27,Entradas,0,0,0,5,12,0,0,3,Corporativo,0.230463759700153
133,49,Hombre,Sevilla,B2C,7,14,4.4,0.21,19,0,0.86,2,109.39,0.1,Digital,1,1,0,0,10,0,0,0,Fiel Tradicional,0.3970638178726064
134,48,Mujer,Andalucía,B2C,2,10,4.4,0.19,18,1,0.62,3,66.41,2.78,Digital,0,0,0,10,12,1,0,0,Corporativo,0.5209083649296703
135,63,Mujer,Andalucía,B2C,4,8,1.5,0.34,20,1,0.01,1,41.0,0.16,Abonos,0,0,0,17,5,0,0,1,Joven Digital,0.2365383301607609
136,38,Hombre,Sevilla,B2C,6,13,2.5,0.67,15,1,0.7,1,92.29,0.6,Digital,0,0,0,9,1,0,1,1,Joven Digital,0.308025987146165
137,39,Mujer,Sevilla,B2C,7,17,8.1,0.27,23,1,0.42,2,148.91,2.29,Digital,1,1,1,17,0,1,0,1,Joven Digital,0.7086101182805382
138,52,Mujer,Andalucía,B2B,9,3,3.5,0.14,20,1,0.57,1,71.73,2.84,Digital,1,0,1,0,10,0,0,2,Corporativo,0.2201684775689297
139,50,Mujer,Sevilla,B2B,4,10,5.1,0.19,20,1,0.65,1,103.53,0.85,Entradas,0,1,0,18,14,0,0,1,Corporativo,0.3313770258142849
140,59,Mujer,Andalucía,B2B,1,9,3.0,0.7,20,0,0.35,2,45.37,1.08,Entradas,0,0,0,15,2,1,0,1,Internacional Ocasional,0.4772212923600523
141,55,Mujer,Sevilla,B2C,4,18,0.9,0.54,22,0,0.92,0,24.4,1.48,Merchandising,0,0,0,6,4,1,0,3,Fiel Tradicional,0.5138799784285778
142,37,Hombre,Andalucía,B2C,6,10,3.7,0.28,13,1,0.13,3,102.42,2.15,Entradas,0,0,0,14,14,0,0,1,Fiel Tradicional,0.3217338806926455
143,42,Hombre,Andalucía,B2C,3,15,3.6,0.49,14,0,0.67,1,91.38,0.16,Entradas,0,0,0,0,14,0,1,2,Corporativo,0.319671475727492
144,50,Hombre,Sevilla,B2C,4,8,3.4,0.47,20,1,0.0,1,61.03,1.99,Merchandising,1,1,0,8,3,1,0,3,Corporativo,0.4601739428812754
145,16,Mujer,Sevilla,B2C,2,14,3.8,0.56,21,1,0.92,1,126.19,0.79,Merchandising,0,1,0,1,6,0,0,2,Joven Digital,0.4085546629568789
146,50,Mujer,Sevilla,B2C,6,11,4.4,0.26,19,0,0.11,3,22.07,0.72,Abonos,0,0,0,16,3,0,1,1,Corporativo,0.2874463431574393
147,52,Hombre,Sevilla,B2C,8,9,3.8,0.71,23,0,0.09,3,38.1,0.66,Abonos,1,1,0,9,7,0,1,0,Joven Digital,0.3186426151519574
148,62,Mujer,Internacional,B2C,7,9,2.1,0.32,17,0,0.33,1,58.71,0.85,Entradas,0,1,1,5,6,0,1,4,Corporativo,0.2429626340321273
149,29,Hombre,Sevilla,B2C,2,9,4.7,0.59,22,1,0.37,2,64.31,3.48,Digital,0,0,0,4,9,1,1,1,Fiel Tradicional,0.5162373601713293
150,18,Hombre,España,B2C,6,9,1.1,0.11,25,1,0.21,2,118.96,0.95,Abonos,0,0,0,7,8,1,0,0,Internacional Ocasional,0.6057249405595527
151,16,Hombre,Sevilla,B2C,9,7,0.9,0.36,17,1,0.59,2,76.48,3.67,Abonos,0,0,0,7,0,1,0,2,Corporativo,0.4678787911722784
152,20,Mujer,Andalucía,B2B,3,10,5.1,0.35,22,0,0.44,1,69.21,0.24,Entradas,1,0,0,4,14,1,1,1,Joven Digital,0.5075457279992713
153,41,Mujer,España,B2C,8,8,4.8,0.48,21,1,0.03,2,36.9,1.55,Digital,0,0,0,11,4,0,1,3,Internacional Ocasional,0.2650336199517024
154,29,Hombre,Andalucía,B2C,7,10,3.9,0.15,18,1,0.32,2,107.6,2.01,Merchandising,0,0,0,6,12,0,0,1,Joven Digital,0.3445130023714073
155,54,Hombre,Andalucía,B2C,6,17,1.9,0.65,15,0,0.81,0,40.9,1.36,Merchandising,0,0,0,12,3,1,0,1,Joven Digital,0.4644905045373478
156,42,Hombre,Andalucía,B2C,10,10,2.9,0.25,19,1,0.69,3,36.76,1.12,Entradas,1,1,0,12,5,0,1,0,Internacional Ocasional,0.2942543833771697
157,24,Hombre,Sevilla,B2C,5,10,3.6,0.57,16,1,0.72,1,62.99,1.0,Entradas,0,1,0,16,0,0,0,1,Internacional Ocasional,0.2502060619422767
158,30,Mujer,Internacional,B2C,5,7,1.6,0.66,20,0,0.7,4,79.9,2.37,Digital,0,0,0,3,5,1,0,0,Internacional Ocasional,0.5469144274930053
159,30,Mujer,España,B2C,5,6,2.9,0.49,17,1,0.31,3,53.4,2.07,Entradas,1,0,1,17,0,0,0,2,Corporativo,0.2551178302709987
160,41,Hombre,Internacional,B2C,5,10,5.0,0.62,15,0,0.1,4,96.21,0.16,Entradas,0,0,1,9,13,0,1,1,Internacional Ocasional,0.3560726814085186
161,57,Hombre,Sevilla,B2C,4,12,6.1,0.56,18,1,0.27,3,66.51,2.27,Entradas,0,0,0,2,13,1,1,1,Corporativo,0.5420789975706273
162,28,Mujer,España,B2C,10,12,3.4,0.35,20,0,0.83,0,106.58,0.64,Digital,0,0,0,11,0,1,0,1,Fiel Tradicional,0.5310286897845238
163,66,Mujer,Internacional,B2B,3,8,5.1,0.67,13,1,0.98,2,90.15,0.35,Entradas,0,0,0,0,7,0,0,2,Fiel Tradicional,0.2612025188051253
164,47,Hombre,Sevilla,B2C,2,5,1.1,0.31,22,1,0.49,2,128.74,2.45,Abonos,0,0,0,10,1,1,0,1,Joven Digital,0.5501601812661928
165,54,Hombre,Sevilla,B2C,6,13,5.0,0.5,17,1,0.01,1,61.73,0.68,Digital,0,0,0,17,9,0,0,1,Joven Digital,0.2886315292627107
166,64,Hombre,España,B2B,4,9,2.8,0.62,15,1,0.14,1,100.32,1.98,Abonos,0,0,0,12,12,0,0,1,Corporativo,0.2753962092676377
167,67,Mujer,Andalucía,B2C,4,14,4.5,0.37,16,1,0.32,1,21.4,0.37,Digital,0,0,0,16,13,1,0,2,Joven Digital,0.4432346834103963
168,47,Mujer,España,B2C,8,14,3.6,0.31,17,1,0.58,4,161.75,0.0,Abonos,0,1,0,7,5,1,0,0,Fiel Tradicional,0.6921825072741444
169,19,Mujer,Sevilla,B2C,5,7,6.0,0.42,22,1,0.08,1,98.82,0.82,Digital,0,1,0,19,13,0,1,3,Corporativo,0.3109068950918804
170,45,Hombre,España,B2C,4,10,2.7,0.67,14,1,0.94,2,66.11,0.13,Merchandising,0,0,1,18,5,0,1,1,Corporativo,0.2622210284103083
171,52,Hombre,Sevilla,B2B,7,7,4.9,0.75,18,1,0.37,0,67.23,1.68,Entradas,1,0,0,16,5,0,0,1,Internacional Ocasional,0.2152970262697276
172,38,Mujer,Sevilla,B2C,4,12,3.6,0.48,21,1,0.91,1,67.59,0.39,Entradas,0,0,0,1,7,0,0,1,Corporativo,0.3183534090403305
173,54,Mujer,Sevilla,B2B,2,17,3.8,0.56,22,1,0.78,4,130.2,0.7,Digital,1,0,0,2,3,0,1,3,Joven Digital,0.5281987862452165
174,60,Hombre,España,B2C,2,16,3.7,0.73,20,1,0.76,0,101.96,0.11,Abonos,0,0,0,2,2,0,0,3,Fiel Tradicional,0.367682303877577
175,30,Mujer,Andalucía,B2C,3,7,2.7,0.17,17,1,0.61,2,61.7,0.41,Merchandising,0,0,0,5,5,0,1,0,Joven Digital,0.2504382342072657
176,58,Mujer,Andalucía,B2C,3,12,4.0,0.26,21,0,0.63,0,37.84,1.83,Abonos,0,1,0,9,3,0,0,0,Fiel Tradicional,0.258248093092487
177,44,Hombre,Sevilla,B2C,8,8,3.9,0.6,16,0,0.64,3,110.88,0.2,Entradas,1,0,0,17,1,0,1,2,Internacional Ocasional,0.3356641389597067
178,51,Mujer,España,B2C,6,11,4.4,0.68,20,0,0.63,2,100.16,1.25,Entradas,1,1,0,17,5,1,1,3,Fiel Tradicional,0.5629267058140365
179,28,Hombre,Sevilla,B2B,0,6,4.1,0.7,27,1,0.55,2,96.19,2.99,Abonos,0,0,0,13,9,0,1,1,Internacional Ocasional,0.363943818038222
180,47,Hombre,España,B2C,8,13,5.2,0.39,18,0,0.99,2,72.49,1.37,Digital,1,0,0,15,4,0,1,0,Joven Digital,0.3346617768682725
181,22,Hombre,Andalucía,B2B,5,7,5.4,0.16,25,1,0.73,1,66.01,2.0,Digital,0,0,1,6,10,1,1,0,Internacional Ocasional,0.4971907466465444
182,66,Hombre,Sevilla,B2C,4,11,2.4,0.41,21,1,0.78,2,125.56,0.14,Abonos,0,0,0,0,8,1,0,1,Corporativo,0.6012323088977977
183,37,Hombre,Andalucía,B2B,5,10,5.3,0.26,25,0,0.87,2,128.35,0.35,Entradas,1,0,0,16,10,0,0,0,Corporativo,0.427331556071724
184,43,Hombre,Sevilla,B2C,7,8,2.2,0.3,26,1,0.22,3,94.2,2.7,Abonos,1,0,0,4,5,0,0,0,Fiel Tradicional,0.3993148951498458
185,17,Hombre,España,B2C,6,7,4.9,0.64,19,0,0.08,3,104.1,1.51,Entradas,1,0,1,0,13,1,1,0,Joven Digital,0.542137351165985
186,57,Mujer,Andalucía,B2C,3,7,4.9,0.15,22,0,0.48,1,82.08,1.22,Abonos,0,0,0,16,2,0,1,2,Joven Digital,0.2911535173114803
187,60,Hombre,Sevilla,B2C,4,9,1.1,0.68,26,1,0.51,3,33.9,1.31,Digital,0,0,0,9,10,1,0,1,Fiel Tradicional,0.538686570547556
188,68,Hombre,España,B2C,2,9,4.1,0.4,18,1,0.83,3,45.61,0.64,Merchandising,0,1,1,11,4,0,0,0,Corporativo,0.2858378282422086
189,21,Mujer,Sevilla,B2C,4,10,3.3,0.52,19,1,0.44,4,109.39,0.05,Entradas,0,0,0,19,14,0,1,1,Internacional Ocasional,0.4049585547147117
190,43,Mujer,Andalucía,B2C,1,10,2.9,0.16,19,0,0.57,0,113.21,1.84,Merchandising,1,0,0,1,9,0,0,4,Fiel Tradicional,0.3094661952834768
191,43,Mujer,Internacional,B2B,9,12,6.0,0.34,19,1,0.53,1,106.62,1.36,Digital,0,0,0,15,7,1,0,1,Internacional Ocasional,0.5477425568759944
192,59,Hombre,Andalucía,B2C,3,10,3.0,0.16,21,0,0.04,0,85.38,0.77,Abonos,0,1,0,14,8,1,1,1,Internacional Ocasional,0.4932931663928834
193,59,Mujer,Sevilla,B2C,1,15,2.8,0.77,13,0,0.62,1,107.74,2.76,Digital,0,0,0,12,7,0,0,2,Joven Digital,0.3306431161389224
194,35,Hombre,Internacional,B2C,5,10,4.1,0.67,18,0,0.83,0,73.26,0.49,Merchandising,0,0,0,17,14,0,0,1,Corporativo,0.253991437677325
195,45,Hombre,Andalucía,B2C,4,10,5.0,0.42,26,0,0.16,2,93.64,0.42,Digital,0,0,0,19,2,0,0,3,Internacional Ocasional,0.3947067207815397
196,26,Hombre,Sevilla,B2C,6,11,3.8,0.26,16,0,0.59,5,68.86,2.47,Digital,0,0,0,13,8,0,0,0,Corporativo,0.3676590400717114
197,43,Hombre,Sevilla,B2C,5,10,5.7,0.75,21,0,0.59,0,43.3,1.91,Abonos,1,0,0,17,2,1,0,1,Joven Digital,0.4436383194992614
198,40,Mujer,España,B2C,8,4,4.8,0.34,14,1,0.16,6,100.94,0.87,Merchandising,0,1,0,1,7,0,0,0,Fiel Tradicional,0.3401629035713952
199,54,Mujer,Andalucía,B2C,5,14,0.7,0.21,19,0,0.12,0,113.25,0.17,Merchandising,1,1,0,1,9,1,0,2,Fiel Tradicional,0.5516186588661753
200,48,Hombre,Andalucía,B2C,7,7,3.2,0.49,21,0,0.98,4,149.22,0.29,Merchandising,0,0,0,2,8,0,0,0,Joven Digital,0.4370460970113643
201,16,Hombre,España,B2C,4,13,3.2,0.76,21,0,0.39,2,82.92,1.28,Entradas,0,0,0,4,6,1,0,1,Joven Digital,0.5719692876358694
202,42,Hombre,España,B2C,1,11,4.7,0.1,17,1,0.23,3,43.57,0.58,Digital,0,0,1,15,3,1,0,2,Internacional Ocasional,0.4961499048228276
203,67,Mujer,Sevilla,B2C,5,2,0.1,0.27,24,0,0.17,1,65.15,2.17,Merchandising,1,0,0,14,9,0,1,0,Joven Digital,0.2352110252325604
204,28,Hombre,Sevilla,B2C,4,14,7.8,0.76,18,1,0.67,4,70.92,3.59,Digital,0,1,1,11,14,0,0,0,Fiel Tradicional,0.3933354759841961
205,56,Hombre,Sevilla,B2C,3,3,4.8,0.22,21,1,0.61,2,79.45,1.97,Abonos,0,0,0,8,8,0,1,2,Corporativo,0.2626114928894009
206,18,Mujer,España,B2C,2,14,4.2,0.18,18,0,0.64,1,89.13,0.57,Abonos,0,0,0,13,2,0,1,0,Corporativo,0.3398234693761366
207,54,Mujer,Sevilla,B2C,12,9,5.8,0.5,21,1,0.09,0,85.89,1.87,Entradas,0,0,0,15,14,0,0,0,Corporativo,0.2833686560196585
208,21,Hombre,Andalucía,B2C,5,9,7.5,0.7,22,0,0.89,3,98.31,0.52,Entradas,1,1,0,10,2,0,1,2,Corporativo,0.381357721254579
209,23,Mujer,España,B2C,10,11,5.3,0.43,12,1,0.39,4,80.92,0.22,Abonos,1,0,1,5,1,1,0,3,Joven Digital,0.5235566348167309
210,42,Mujer,España,B2C,6,8,5.4,0.8,16,1,0.31,2,8.24,0.04,Merchandising,0,0,1,9,9,0,1,0,Joven Digital,0.1895478489130963
211,24,Hombre,Sevilla,B2C,1,9,4.2,0.58,25,0,0.46,4,81.81,0.58,Abonos,0,0,0,7,14,1,0,0,Corporativo,0.611887546023002
212,52,Mujer,España,B2C,6,11,3.8,0.15,24,0,0.39,3,77.6,2.81,Digital,1,0,0,15,2,1,1,3,Joven Digital,0.5946389995580136
213,48,Hombre,Sevilla,B2C,2,8,3.3,0.79,19,1,0.86,2,91.51,0.33,Entradas,0,1,0,2,0,1,0,1,Internacional Ocasional,0.5128073332484554
214,66,Mujer,España,B2B,4,10,2.8,0.39,15,1,0.93,5,64.16,0.28,Entradas,0,0,0,1,14,0,1,1,Joven Digital,0.3432533410344552
215,57,Hombre,Sevilla,B2C,5,13,3.0,0.3,15,0,0.3,1,81.71,4.2,Abonos,0,0,0,15,3,0,0,0,Internacional Ocasional,0.2955414747855537
216,59,Hombre,Sevilla,B2C,8,15,2.0,0.49,24,1,0.86,2,91.69,0.03,Merchandising,0,0,0,18,7,0,1,1,Internacional Ocasional,0.4283706123530549
217,39,Hombre,España,B2C,4,10,3.9,0.31,25,1,0.78,2,70.2,1.85,Merchandising,0,1,0,8,4,0,0,1,Joven Digital,0.3587139385131659
218,30,Mujer,Sevilla,B2C,2,8,1.5,0.16,29,1,0.93,1,95.28,0.47,Digital,1,0,0,15,1,0,1,3,Corporativo,0.375589306619549
219,69,Hombre,Sevilla,B2C,1,11,4.3,0.1,22,0,0.25,0,77.1,0.05,Entradas,0,0,0,3,2,1,0,4,Internacional Ocasional,0.5023823275812991
220,47,Mujer,España,B2B,8,5,3.9,0.41,22,1,0.58,3,79.7,3.0,Abonos,0,0,0,9,0,0,0,1,Joven Digital,0.3172924604567055
221,47,Hombre,España,B2C,8,18,4.2,0.69,15,1,0.27,3,0.0,0.18,Abonos,1,0,0,18,1,0,1,3,Fiel Tradicional,0.3017543859649123
222,39,Hombre,Andalucía,B2C,4,11,3.2,0.5,20,0,0.82,3,40.68,0.96,Entradas,0,1,1,12,0,1,1,1,Corporativo,0.5177396741307514
223,56,Mujer,Andalucía,B2C,1,11,8.6,0.8,23,1,0.01,2,40.77,0.38,Abonos,0,1,0,17,1,0,0,1,Fiel Tradicional,0.31784587508656
224,67,Hombre,Andalucía,B2C,9,11,6.0,0.3,14,1,0.56,3,81.49,0.08,Entradas,0,0,0,14,2,0,1,1,Internacional Ocasional,0.315895907536852
225,64,Hombre,Sevilla,B2C,4,9,2.1,0.3,20,1,0.34,3,113.15,0.06,Merchandising,0,0,0,3,0,1,1,2,Fiel Tradicional,0.5822024121901308
226,64,Mujer,Sevilla,B2C,2,11,4.3,0.21,28,0,0.32,0,71.45,0.15,Merchandising,1,1,0,8,10,0,1,0,Joven Digital,0.3457152675777591
227,67,Hombre,Sevilla,B2C,4,8,3.1,0.21,25,1,0.64,1,100.45,0.09,Abonos,1,0,0,3,8,0,0,1,Corporativo,0.3483566281921099
228,27,Hombre,Internacional,B2C,3,12,2.5,0.3,18,0,0.85,4,94.45,1.72,Merchandising,0,0,1,15,9,0,0,2,Internacional Ocasional,0.4000484942960978
229,54,Hombre,Andalucía,B2C,8,7,2.0,0.65,21,1,0.61,1,79.2,0.8,Merchandising,0,0,1,14,4,1,1,1,Joven Digital,0.4794217533922717
230,17,Hombre,Andalucía,B2C,9,10,4.6,0.73,27,0,0.85,2,92.22,0.5,Digital,0,0,0,1,7,0,0,3,Corporativo,0.4013644390343372
231,18,Mujer,Andalucía,B2C,4,11,3.0,0.78,22,1,0.26,3,82.38,0.65,Entradas,1,0,0,13,4,0,0,1,Internacional Ocasional,0.3836127836554038
232,64,Mujer,Internacional,B2C,4,8,5.5,0.26,20,1,0.52,1,70.73,3.17,Entradas,0,1,0,2,7,0,0,2,Internacional Ocasional,0.2716200458962025
233,52,Hombre,Sevilla,B2C,5,7,5.5,0.72,19,0,0.45,1,86.73,2.9,Abonos,0,1,0,3,6,0,0,1,Internacional Ocasional,0.2716405666949247
234,64,Mujer,Andalucía,B2C,11,7,6.1,0.33,20,1,0.01,4,118.4,1.51,Entradas,0,0,0,0,11,0,1,0,Internacional Ocasional,0.3923448363666851
235,32,Hombre,Andalucía,B2C,8,9,2.7,0.18,16,1,0.56,5,89.18,2.59,Digital,0,0,0,8,3,0,1,0,Fiel Tradicional,0.3705842242931063
236,64,Mujer,Andalucía,B2C,6,9,4.7,0.71,22,0,0.66,1,81.54,0.46,Abonos,0,0,0,16,14,0,0,1,Fiel Tradicional,0.3115689431555761
237,17,Hombre,Sevilla,B2C,2,14,4.9,0.55,21,1,0.59,1,48.68,0.58,Abonos,0,0,0,13,6,0,0,1,Fiel Tradicional,0.3170920397932704
238,17,Hombre,España,B2C,8,9,3.3,0.22,17,1,0.74,5,117.48,1.14,Entradas,1,0,0,16,5,0,0,0,Internacional Ocasional,0.4123118581751447
239,43,Hombre,Internacional,B2C,7,12,2.8,0.4,15,0,0.57,0,32.79,1.17,Merchandising,0,0,0,0,2,0,0,1,Fiel Tradicional,0.2022890394610042
240,69,Hombre,Andalucía,B2C,6,16,6.4,0.3,18,0,0.07,2,23.82,0.79,Merchandising,1,1,0,9,8,0,0,2,Corporativo,0.3088096073566416
241,38,Hombre,Andalucía,B2C,5,8,4.3,0.62,17,0,0.12,1,86.14,0.61,Merchandising,0,1,0,15,11,0,1,1,Internacional Ocasional,0.2648040095518754
242,52,Hombre,Internacional,B2C,3,7,5.0,0.42,27,0,0.6,2,48.58,5.14,Merchandising,0,0,0,18,9,0,1,3,Corporativo,0.318289828204945
243,47,Mujer,España,B2C,5,12,2.8,0.79,16,1,0.27,2,107.67,2.07,Digital,1,0,0,2,14,1,0,3,Corporativo,0.5489815680270947
244,48,Hombre,Sevilla,B2B,3,9,2.2,0.14,17,0,0.08,1,24.49,0.69,Abonos,0,0,0,11,12,1,1,0,Fiel Tradicional,0.4025826706124565
245,16,Mujer,Andalucía,B2C,3,11,3.1,0.35,26,1,0.43,3,103.85,1.56,Merchandising,1,1,1,2,8,0,0,1,Internacional Ocasional,0.4422809450021892
246,34,Hombre,Andalucía,B2C,7,13,3.8,0.44,15,1,0.55,3,99.63,0.38,Digital,1,0,0,14,13,0,1,1,Fiel Tradicional,0.3666872650976666
247,17,Mujer,Andalucía,B2C,4,14,2.4,0.45,20,0,0.33,3,78.54,0.13,Abonos,0,0,0,16,4,0,0,0,Fiel Tradicional,0.3939938235759911
248,68,Mujer,España,B2B,4,17,4.0,0.32,26,1,0.72,1,12.01,0.52,Entradas,0,0,0,17,7,0,1,0,Fiel Tradicional,0.3470666643894532
249,59,Mujer,Internacional,B2C,6,8,1.5,0.61,27,1,0.64,0,23.3,0.62,Entradas,0,1,0,6,6,0,0,1,Internacional Ocasional,0.2489854755184024
250,41,Hombre,Internacional,B2C,6,9,2.3,0.71,20,1,0.33,2,82.2,0.02,Digital,0,1,0,18,8,0,0,0,Internacional Ocasional,0.3206810834981725
251,47,Hombre,Andalucía,B2C,3,9,5.0,0.76,22,0,0.75,1,68.02,2.02,Abonos,0,0,0,6,6,1,0,2,Fiel Tradicional,0.4956151995718838
252,21,Mujer,Sevilla,B2C,4,7,4.9,0.66,18,0,0.65,4,96.82,0.53,Merchandising,0,1,1,4,3,0,0,1,Corporativo,0.3502135405183558
253,47,Hombre,Internacional,B2C,6,8,3.4,0.7,11,1,0.64,4,72.95,1.04,Abonos,0,0,0,7,3,0,0,2,Corporativo,0.2742396694728147
254,19,Mujer,España,B2B,6,6,2.5,0.49,19,1,0.55,1,70.34,0.09,Merchandising,0,0,0,15,10,1,0,5,Internacional Ocasional,0.4417738768420845
255,26,Hombre,Sevilla,B2C,6,9,2.5,0.68,19,1,0.01,0,2.21,0.23,Digital,0,1,0,15,7,0,0,1,Joven Digital,0.1679587006633937
256,32,Mujer,Internacional,B2C,6,6,3.4,0.31,15,1,0.7,2,99.67,2.65,Merchandising,1,1,0,18,5,0,1,1,Fiel Tradicional,0.2680502549961546
257,53,Mujer,España,B2C,3,12,5.0,0.38,20,0,0.38,2,55.53,1.13,Digital,0,0,0,14,8,1,0,2,Fiel Tradicional,0.5207891476286444
258,39,Hombre,Andalucía,B2C,5,12,5.4,0.32,17,1,0.94,4,63.05,3.6,Abonos,0,0,0,6,13,1,1,0,Joven Digital,0.5546628274917632
259,20,Mujer,Andalucía,B2C,2,10,3.3,0.43,12,0,0.82,1,42.91,8.02,Abonos,0,1,1,4,9,1,0,2,Internacional Ocasional,0.3931781153574242
260,67,Hombre,Sevilla,B2C,5,12,2.3,0.3,12,0,0.59,1,28.79,0.56,Merchandising,1,1,0,10,13,0,1,1,Corporativo,0.1975689969806219
261,49,Mujer,Sevilla,B2C,3,12,4.4,0.77,23,1,0.25,2,119.16,0.43,Abonos,1,1,0,9,6,0,1,1,Internacional Ocasional,0.4208732233853262
262,21,Mujer,Sevilla,B2C,3,10,2.8,0.32,20,0,0.2,6,98.86,2.35,Merchandising,0,0,0,8,6,1,0,1,Corporativo,0.6508663762184386
263,37,Hombre,España,B2C,5,12,3.2,0.17,24,1,0.34,1,99.36,7.9,Abonos,1,1,0,0,3,0,1,1,Corporativo,0.3808423464407671
264,26,Hombre,Sevilla,B2C,11,14,6.0,0.47,18,1,0.48,0,68.5,1.19,Entradas,0,1,0,19,2,1,0,1,Internacional Ocasional,0.4904798502835648
265,63,Hombre,Sevilla,B2B,7,4,5.2,0.14,22,0,0.3,1,22.86,1.9,Merchandising,1,0,0,0,7,0,1,1,Fiel Tradicional,0.189694341020999
266,31,Mujer,Sevilla,B2C,7,9,4.2,0.18,26,1,0.51,1,138.06,1.83,Digital,0,1,1,7,6,0,0,1,Fiel Tradicional,0.4115964767367117
267,48,Hombre,Andalucía,B2B,4,7,2.1,0.25,24,1,0.17,0,87.67,0.53,Entradas,0,0,0,2,3,1,0,3,Fiel Tradicional,0.4894164433444813
268,24,Mujer,Internacional,B2C,1,10,4.3,0.43,26,1,0.98,1,79.1,1.02,Digital,0,0,0,1,12,0,0,1,Corporativo,0.3525493663653499
269,21,Mujer,Sevilla,B2C,4,8,5.6,0.4,20,0,0.11,1,64.23,2.15,Abonos,0,0,1,3,3,0,0,0,Fiel Tradicional,0.2639499768655812
270,31,Hombre,Sevilla,B2C,5,14,3.4,0.66,12,0,0.93,4,13.66,1.4,Entradas,1,0,1,18,0,0,0,3,Corporativo,0.2757680678775231
271,44,Hombre,España,B2C,4,7,6.0,0.62,29,1,0.91,6,109.25,0.03,Abonos,0,0,0,10,10,0,1,0,Fiel Tradicional,0.5065477391928106
272,18,Mujer,Andalucía,B2C,4,8,5.9,0.4,21,0,0.53,1,43.27,0.49,Merchandising,1,1,1,4,6,0,0,3,Internacional Ocasional,0.2475502876017112
273,35,Mujer,Sevilla,B2C,7,10,6.5,0.33,13,0,0.72,1,91.4,0.19,Digital,0,0,0,9,0,0,0,2,Joven Digital,0.2587301636591922
274,51,Hombre,Andalucía,B2C,6,6,4.5,0.32,23,1,0.44,1,98.13,0.32,Abonos,0,0,0,7,9,0,0,1,Corporativo,0.3078997053078741
275,34,Hombre,Sevilla,B2C,8,16,4.9,0.64,17,0,0.63,2,85.02,2.83,Digital,0,1,0,12,9,1,0,2,Internacional Ocasional,0.5726929239731579
276,41,Hombre,Sevilla,B2B,4,10,6.1,0.14,16,1,0.34,0,89.1,0.05,Digital,0,0,1,4,3,0,0,4,Corporativo,0.2560161392329724
277,18,Hombre,Andalucía,B2B,3,5,4.7,0.11,29,0,0.3,5,115.38,0.3,Abonos,1,0,0,11,10,1,1,1,Corporativo,0.6677285727150493
278,34,Hombre,Andalucía,B2C,0,8,3.2,0.66,19,1,0.58,2,51.23,0.44,Merchandising,0,0,0,12,13,0,0,0,Internacional Ocasional,0.2652765054710054
279,35,Mujer,Internacional,B2C,4,2,3.3,0.43,18,1,0.5,2,79.94,1.15,Digital,0,0,0,7,2,0,0,4,Fiel Tradicional,0.227663382303774
280,47,Mujer,Sevilla,B2C,1,13,4.4,0.19,22,0,0.58,1,68.25,0.92,Abonos,0,0,0,14,10,0,0,2,Corporativo,0.3379918651724006
281,22,Mujer,Andalucía,B2C,4,10,2.1,0.26,10,0,0.29,1,19.81,0.3,Merchandising,0,1,0,12,2,1,0,3,Joven Digital,0.3492532033665496
282,67,Mujer,Andalucía,B2C,3,9,3.8,0.75,21,1,0.37,1,83.59,0.22,Abonos,1,0,0,0,11,1,1,3,Joven Digital,0.5056546315934387
283,56,Hombre,Sevilla,B2C,5,13,5.6,0.7,20,1,0.08,6,112.54,0.32,Merchandising,0,1,1,5,0,1,0,4,Internacional Ocasional,0.6985878688697672
284,48,Hombre,Andalucía,B2C,6,9,0.7,0.6,16,1,0.05,2,116.29,0.84,Digital,1,0,0,10,3,0,0,0,Joven Digital,0.3275743122038975
285,55,Hombre,Sevilla,B2B,6,10,6.3,0.44,27,0,0.25,1,130.72,0.38,Entradas,0,0,0,12,13,0,0,1,Internacional Ocasional,0.4217948479080171
286,54,Mujer,Internacional,B2C,4,8,5.7,0.46,13,0,0.07,0,21.79,3.54,Abonos,0,0,0,19,0,1,0,1,Internacional Ocasional,0.3305369928153915
287,33,Mujer,Sevilla,B2C,4,10,3.3,0.78,28,1,0.1,4,123.86,0.75,Digital,1,1,1,0,13,1,0,1,Corporativo,0.6970333083874948
288,55,Hombre,Andalucía,B2C,5,6,4.8,0.78,20,1,0.81,0,80.55,0.07,Abonos,0,0,0,10,12,1,0,1,Internacional Ocasional,0.4371551186065938
289,16,Hombre,Sevilla,B2C,1,8,4.0,0.25,13,1,0.04,4,123.02,1.57,Abonos,0,0,0,10,12,0,1,0,Internacional Ocasional,0.3499894678876671
290,26,Mujer,Internacional,B2C,9,5,5.8,0.67,27,1,0.66,1,63.16,0.48,Merchandising,0,0,1,7,7,1,0,1,Fiel Tradicional,0.4894417514669912
291,43,Mujer,Andalucía,B2B,7,9,5.5,0.24,22,1,0.27,3,59.08,1.27,Abonos,0,0,0,2,14,0,0,1,Corporativo,0.3350659046282294
292,40,Hombre,Andalucía,B2C,5,7,1.9,0.25,21,1,0.87,2,38.54,0.39,Merchandising,1,0,0,18,14,0,0,5,Joven Digital,0.2564425215791854
293,65,Hombre,Sevilla,B2B,4,5,4.9,0.57,23,0,0.48,2,98.28,1.01,Digital,0,0,0,11,0,0,0,1,Fiel Tradicional,0.3225503911114147
294,38,Mujer,España,B2C,5,8,3.7,0.38,19,1,0.31,3,90.43,1.77,Abonos,1,0,1,5,11,0,0,2,Fiel Tradicional,0.3365329217787521
295,46,Hombre,Sevilla,B2C,4,15,4.1,0.75,15,1,0.52,1,41.49,3.16,Digital,0,1,0,7,13,1,1,2,Corporativo,0.4691340792242569
296,45,Hombre,España,B2C,1,5,2.9,0.16,17,0,0.38,1,10.08,0.36,Entradas,0,0,0,4,5,1,1,2,Corporativo,0.3434734544189844
297,57,Hombre,Sevilla,B2C,3,18,6.6,0.46,15,1,0.56,1,87.46,0.49,Digital,0,0,1,9,6,1,0,3,Fiel Tradicional,0.5549581147984718
298,50,Mujer,Sevilla,B2B,7,9,5.6,0.74,14,1,0.11,2,90.88,0.75,Abonos,0,0,0,15,14,0,0,2,Corporativo,0.2809235756806021
299,22,Mujer,Sevilla,B2B,6,8,2.9,0.73,16,1,1.0,1,45.39,3.14,Entradas,1,0,0,11,9,0,0,1,Corporativo,0.2083852434496472
300,31,Mujer,Andalucía,B2C,10,10,2.0,0.21,17,1,0.43,1,39.37,2.78,Merchandising,0,1,0,16,13,1,0,1,Internacional Ocasional,0.4306675444289524
301,41,Mujer,Andalucía,B2C,4,14,3.4,0.36,27,1,0.35,1,94.68,0.11,Entradas,0,0,0,5,11,0,1,2,Corporativo,0.4213725283176671
302,63,Mujer,Sevilla,B2C,5,11,4.7,0.53,21,0,0.71,3,130.69,0.17,Abonos,1,0,0,8,1,1,1,1,Internacional Ocasional,0.6322857633788879
303,67,Mujer,España,B2B,6,10,4.4,0.21,18,1,0.36,6,60.15,0.82,Abonos,1,1,0,9,3,0,1,3,Fiel Tradicional,0.388521498447872
304,64,Mujer,Andalucía,B2C,6,11,5.9,0.78,22,1,0.83,2,48.61,0.14,Digital,0,0,1,19,10,0,0,4,Fiel Tradicional,0.318763825014776
305,17,Hombre,Andalucía,B2C,8,13,5.2,0.74,17,1,0.45,0,83.97,0.51,Merchandising,1,0,0,13,13,0,0,2,Joven Digital,0.2898749654536364
306,16,Hombre,Andalucía,B2C,4,9,5.5,0.22,13,0,0.72,0,94.06,0.19,Abonos,0,0,0,13,2,1,1,1,Corporativo,0.4263426761191727
307,63,Hombre,Andalucía,B2C,3,9,4.5,0.18,20,0,0.11,3,64.07,1.21,Abonos,0,1,0,16,12,0,1,0,Fiel Tradicional,0.3242874909558396
308,27,Hombre,Andalucía,B2C,3,10,1.9,0.16,16,1,0.85,3,135.75,3.58,Merchandising,0,1,0,15,12,0,1,1,Internacional Ocasional,0.3860636346604312
309,20,Hombre,Sevilla,B2C,9,11,3.7,0.74,18,1,0.74,4,102.05,6.87,Merchandising,0,1,0,3,8,1,0,1,Fiel Tradicional,0.5984902592193505
310,52,Hombre,Sevilla,B2B,7,13,5.6,0.24,18,1,0.21,2,63.56,0.56,Digital,0,0,1,1,13,0,0,0,Corporativo,0.324124282030819
311,47,Hombre,España,B2C,2,7,3.9,0.39,27,1,0.15,0,27.23,1.1,Entradas,0,1,0,15,6,1,0,0,Joven Digital,0.4430966014659044
312,24,Mujer,Internacional,B2C,2,7,4.8,0.41,19,1,0.32,2,114.58,2.33,Merchandising,0,0,1,0,1,0,0,0,Joven Digital,0.3295038624645867
313,56,Mujer,Sevilla,B2B,4,11,3.5,0.52,26,1,0.98,3,110.76,0.15,Abonos,1,0,0,2,10,0,0,1,Fiel Tradicional,0.4504348183870497
314,50,Hombre,Sevilla,B2C,6,6,2.5,0.15,29,1,0.26,2,65.92,1.4,Merchandising,1,1,0,10,11,1,1,3,Joven Digital,0.5448915632345954
315,34,Hombre,Andalucía,B2B,9,14,3.8,0.26,18,0,0.46,1,85.52,0.63,Abonos,1,0,0,15,5,0,0,1,Corporativo,0.3355636310375916
316,63,Mujer,Andalucía,B2C,11,12,4.5,0.75,21,1,0.03,2,70.49,0.28,Digital,0,0,0,17,8,0,0,1,Corporativo,0.3467754398386076
317,31,Hombre,Sevilla,B2C,4,5,3.0,0.74,19,1,0.4,2,90.62,0.62,Entradas,0,0,0,14,11,0,1,1,Joven Digital,0.2801781764281492
318,18,Hombre,Sevilla,B2B,7,9,3.6,0.65,23,0,0.57,1,44.25,0.09,Digital,0,0,0,8,2,0,0,2,Internacional Ocasional,0.2758996804655452
319,35,Mujer,España,B2C,7,18,2.6,0.11,29,0,0.95,1,39.97,1.43,Merchandising,0,1,0,11,13,0,1,5,Joven Digital,0.4155860771167993
320,39,Hombre,Andalucía,B2C,3,8,5.7,0.33,16,0,0.52,4,99.33,0.35,Abonos,0,0,0,17,14,0,0,2,Joven Digital,0.3470350162976028
321,69,Mujer,Sevilla,B2C,7,12,3.6,0.54,8,1,0.82,2,103.13,0.45,Merchandising,0,0,0,4,10,1,0,3,Fiel Tradicional,0.4769576531451941
322,48,Hombre,Sevilla,B2C,5,12,6.2,0.29,14,0,0.55,4,60.28,0.15,Merchandising,0,0,0,7,5,1,1,3,Internacional Ocasional,0.5263941980740985
323,39,Mujer,Sevilla,B2C,2,3,6.3,0.74,16,1,0.04,1,52.53,2.4,Merchandising,0,1,0,2,13,0,1,1,Joven Digital,0.1641789403297611
324,67,Mujer,Andalucía,B2C,9,8,3.9,0.54,16,1,0.32,1,109.43,0.82,Merchandising,0,1,0,1,2,0,0,2,Fiel Tradicional,0.2839531235605682
325,26,Mujer,Sevilla,B2B,6,10,2.5,0.15,13,1,0.58,3,53.54,1.02,Entradas,0,0,0,18,2,0,1,1,Fiel Tradicional,0.2640549615823735
326,64,Hombre,Sevilla,B2C,3,7,0.9,0.74,16,1,0.95,2,76.66,1.01,Abonos,0,1,0,7,3,0,0,0,Fiel Tradicional,0.2597578597505623
327,23,Mujer,España,B2C,6,9,1.8,0.77,27,0,0.86,1,72.86,0.63,Merchandising,0,1,0,1,8,0,0,1,Corporativo,0.3429931176398131
328,51,Hombre,Sevilla,B2C,3,12,1.9,0.15,18,1,0.23,1,30.99,0.26,Abonos,0,0,0,18,10,0,0,5,Fiel Tradicional,0.2501650203448322
329,53,Hombre,Andalucía,B2C,2,11,6.1,0.47,19,1,0.22,1,80.76,1.64,Entradas,0,0,0,0,12,0,0,1,Fiel Tradicional,0.3067011664508489
330,55,Hombre,Sevilla,B2C,8,12,4.2,0.31,19,1,0.2,1,77.83,0.16,Abonos,0,0,0,12,7,0,1,2,Corporativo,0.3137700511234426
331,35,Hombre,Sevilla,B2B,4,11,4.6,0.37,29,0,0.92,0,85.81,0.13,Abonos,0,1,1,19,0,0,1,1,Corporativo,0.3709935534156649
332,50,Mujer,Sevilla,B2C,5,7,0.7,0.23,21,1,0.85,3,79.75,1.49,Entradas,1,0,0,16,12,1,1,2,Fiel Tradicional,0.5300707592333243
333,63,Mujer,España,B2C,4,10,2.2,0.5,16,1,0.77,4,139.07,0.28,Merchandising,1,0,0,2,11,1,1,5,Joven Digital,0.6149812699191486
334,40,Hombre,España,B2C,3,4,5.3,0.77,16,1,0.39,1,109.85,0.44,Abonos,0,0,0,8,10,0,0,0,Internacional Ocasional,0.2423434648631136
335,50,Hombre,España,B2C,4,8,4.4,0.45,15,1,0.5,3,76.16,0.77,Digital,0,1,0,4,0,1,1,1,Corporativo,0.4863608368966549
336,40,Mujer,Sevilla,B2C,3,10,3.8,0.16,21,1,0.46,0,78.91,0.72,Abonos,0,0,0,5,6,0,1,2,Internacional Ocasional,0.285658497680865
337,44,Hombre,Andalucía,B2C,11,8,4.8,0.53,18,1,0.25,3,127.91,1.48,Merchandising,0,1,1,3,2,1,1,1,Corporativo,0.5724263864866012
338,33,Mujer,Sevilla,B2C,6,7,6.5,0.34,21,1,0.51,1,100.89,1.17,Digital,0,1,0,16,13,0,1,3,Fiel Tradicional,0.3050161837421449
339,61,Hombre,Sevilla,B2C,5,12,3.7,0.7,11,1,0.03,2,38.13,1.24,Merchandising,0,0,0,15,10,1,1,2,Corporativo,0.4252569628389813
340,33,Hombre,España,B2C,5,9,4.1,0.4,25,0,0.13,3,103.47,1.5,Abonos,0,0,0,15,6,0,0,4,Fiel Tradicional,0.4124465760542722
341,17,Mujer,Sevilla,B2C,5,13,4.3,0.23,25,0,0.89,2,112.28,0.42,Entradas,1,0,0,10,8,0,1,2,Internacional Ocasional,0.439947732775209
342,69,Hombre,Sevilla,B2C,3,4,7.6,0.23,14,0,0.75,1,123.53,0.47,Merchandising,1,1,1,1,2,0,1,0,Joven Digital,0.2418193434793544
343,50,Mujer,Sevilla,B2C,6,8,0.9,0.64,17,0,0.42,1,62.96,0.69,Merchandising,0,0,0,16,2,0,1,1,Fiel Tradicional,0.2374513633780598
344,31,Hombre,Sevilla,B2C,4,14,5.0,0.29,24,0,0.52,2,60.77,0.44,Entradas,0,0,0,14,1,0,0,2,Internacional Ocasional,0.381358368190226
345,56,Hombre,Sevilla,B2C,5,12,3.8,0.64,20,1,0.37,1,46.75,5.03,Abonos,0,0,0,17,9,0,0,1,Internacional Ocasional,0.2854286543842052
346,51,Hombre,Andalucía,B2C,3,4,4.9,0.24,19,0,0.74,2,84.24,2.02,Merchandising,0,0,0,9,0,1,1,3,Corporativo,0.4621233928824658
347,48,Mujer,Andalucía,B2C,7,8,3.0,0.33,14,1,0.78,2,96.99,0.22,Abonos,1,1,0,5,8,0,0,1,Fiel Tradicional,0.2776071247799124
348,19,Hombre,España,B2C,3,13,3.9,0.43,11,0,0.76,3,59.6,0.01,Abonos,0,0,1,15,5,0,1,4,Internacional Ocasional,0.2861181066419071
349,48,Hombre,España,B2C,6,13,5.1,0.76,15,0,0.72,5,70.75,0.05,Abonos,0,1,0,4,5,0,0,2,Joven Digital,0.3826085583893062
350,29,Hombre,Sevilla,B2C,7,9,8.7,0.75,18,0,0.2,2,13.39,0.34,Entradas,1,0,0,11,7,1,0,0,Corporativo,0.422817886062729
351,36,Hombre,Sevilla,B2C,1,7,5.2,0.24,25,0,0.34,2,120.28,0.15,Abonos,1,0,0,5,10,1,0,3,Corporativo,0.5862299229991316
352,63,Mujer,Sevilla,B2B,6,11,2.7,0.35,20,1,0.47,1,28.05,0.91,Abonos,1,1,0,13,4,1,0,0,Internacional Ocasional,0.4528361399989442
353,35,Mujer,Andalucía,B2C,4,10,3.4,0.2,22,1,0.33,4,86.24,2.34,Digital,0,0,0,15,8,0,0,1,Fiel Tradicional,0.402641308859499
354,23,Hombre,Sevilla,B2C,2,11,3.3,0.46,22,0,0.75,2,82.15,1.6,Digital,0,1,0,6,14,0,0,3,Corporativo,0.3583413812127818
355,22,Mujer,Andalucía,B2C,2,10,1.3,0.42,21,1,0.33,2,76.37,0.29,Digital,0,0,0,1,10,0,0,0,Fiel Tradicional,0.3326612707058223
356,18,Hombre,Andalucía,B2C,5,7,3.5,0.73,16,1,0.14,0,77.06,0.61,Merchandising,0,0,0,5,4,0,0,4,Internacional Ocasional,0.2102298639986005
357,32,Hombre,Andalucía,B2C,5,8,5.1,0.75,17,1,0.4,1,44.65,0.85,Merchandising,1,0,1,8,1,0,0,0,Internacional Ocasional,0.2158453689241097
358,48,Hombre,Andalucía,B2B,3,10,2.1,0.37,15,1,0.98,1,65.16,1.99,Digital,0,1,0,6,5,0,0,4,Fiel Tradicional,0.2444333516545508
359,63,Mujer,Sevilla,B2C,5,7,5.6,0.44,24,1,0.23,1,104.07,2.19,Entradas,1,1,0,1,14,0,0,2,Joven Digital,0.3337686175140488
360,27,Mujer,Internacional,B2C,11,14,4.7,0.73,20,1,0.61,2,112.95,2.89,Entradas,0,0,0,18,8,0,1,2,Corporativo,0.40959798901348
361,66,Mujer,España,B2C,2,14,2.9,0.66,23,1,0.43,3,62.37,0.85,Digital,1,0,0,7,2,0,0,2,Internacional Ocasional,0.3999130518490456
362,37,Mujer,Sevilla,B2B,6,11,3.8,0.1,17,0,0.07,3,28.19,1.42,Merchandising,0,0,0,10,9,1,0,1,Joven Digital,0.4780013414857576
363,37,Mujer,España,B2C,5,10,6.4,0.32,21,1,0.49,4,51.64,0.14,Merchandising,1,0,1,3,3,0,1,1,Joven Digital,0.3534796080708585
364,61,Mujer,Andalucía,B2C,3,11,5.1,0.4,17,1,0.7,3,130.58,1.0,Entradas,0,1,0,15,9,1,0,0,Fiel Tradicional,0.598822628877344
365,45,Mujer,España,B2C,4,9,4.0,0.26,14,1,0.51,1,53.43,0.34,Abonos,0,0,0,17,10,0,1,4,Fiel Tradicional,0.2117321779580226
366,53,Mujer,España,B2C,10,10,3.6,0.24,19,1,0.87,3,72.08,0.68,Entradas,1,1,0,12,7,0,1,1,Fiel Tradicional,0.3359323584789456
367,53,Mujer,Andalucía,B2B,1,6,4.1,0.13,26,1,0.29,1,117.48,1.21,Abonos,0,0,0,4,5,0,0,0,Joven Digital,0.3557329108067236
368,60,Hombre,Sevilla,B2B,8,10,3.2,0.55,20,0,0.09,2,59.19,0.36,Merchandising,0,1,0,1,12,1,0,1,Corporativo,0.5040553549192468
369,66,Mujer,Sevilla,B2C,3,5,0.8,0.28,22,1,0.94,0,70.03,0.06,Merchandising,1,0,1,10,6,0,0,1,Fiel Tradicional,0.2308817577603812
370,69,Mujer,Andalucía,B2B,5,11,7.1,0.14,14,1,0.38,1,98.83,0.01,Digital,0,0,0,0,6,1,0,1,Corporativo,0.4863572916893094
371,23,Mujer,Andalucía,B2C,4,5,4.2,0.26,22,1,0.58,1,126.35,0.03,Merchandising,0,1,0,12,3,0,0,0,Fiel Tradicional,0.3223399558841643
372,42,Mujer,Sevilla,B2B,11,7,4.6,0.66,15,1,0.79,4,55.63,0.01,Abonos,0,0,0,4,14,0,0,1,Joven Digital,0.2766089030766189
373,42,Mujer,Sevilla,B2C,3,7,3.9,0.7,29,1,0.32,1,116.76,0.14,Entradas,1,1,0,17,11,1,1,2,Corporativo,0.5904096189497284
374,49,Mujer,España,B2C,4,16,2.9,0.44,24,0,0.72,2,66.55,0.33,Digital,0,1,0,13,5,0,0,3,Corporativo,0.4092314611533257
375,36,Mujer,Internacional,B2C,3,8,3.7,0.39,21,1,0.14,2,48.42,0.3,Abonos,0,0,1,12,11,1,0,1,Joven Digital,0.4786273422952035
376,45,Mujer,Andalucía,B2C,3,8,1.6,0.78,17,1,0.29,1,82.49,5.19,Entradas,0,0,0,6,8,0,1,0,Corporativo,0.2604969707885265
377,48,Mujer,Sevilla,B2C,8,16,7.4,0.24,20,1,0.14,3,40.27,0.44,Entradas,0,0,1,7,2,0,0,2,Joven Digital,0.3698874487238806
378,43,Mujer,Sevilla,B2C,1,12,2.1,0.25,18,0,0.81,4,89.16,0.16,Entradas,0,0,0,17,7,1,0,2,Joven Digital,0.5938062381157921
379,62,Mujer,Sevilla,B2C,5,21,2.5,0.3,18,1,0.22,0,169.49,0.95,Merchandising,0,0,0,6,6,1,0,1,Internacional Ocasional,0.6833333333333333
380,48,Hombre,Internacional,B2C,7,13,3.3,0.22,27,1,0.72,2,108.17,2.34,Entradas,0,0,0,19,3,0,0,0,Fiel Tradicional,0.4517645557932828
381,20,Hombre,Sevilla,B2C,3,11,5.9,0.37,18,1,0.94,2,71.85,1.36,Merchandising,0,0,0,16,9,1,1,1,Internacional Ocasional,0.512853938492464
382,63,Mujer,Andalucía,B2C,7,15,4.0,0.74,22,1,0.53,5,106.57,0.42,Entradas,0,0,1,15,12,0,0,2,Joven Digital,0.5042625037134106
383,34,Mujer,Sevilla,B2B,5,13,2.1,0.53,28,1,0.54,2,47.05,0.99,Entradas,0,0,0,10,2,1,0,0,Joven Digital,0.5879756400263743
384,19,Hombre,Andalucía,B2C,7,10,5.9,0.39,30,0,0.46,2,52.09,1.51,Merchandising,0,0,0,18,13,0,0,4,Corporativo,0.3790106128499015
385,50,Mujer,Andalucía,B2C,5,9,5.1,0.75,21,0,0.33,4,72.69,1.56,Merchandising,0,0,0,0,6,0,0,0,Joven Digital,0.3677925158343968
386,64,Hombre,España,B2C,7,16,4.8,0.13,27,1,0.48,1,77.63,1.32,Abonos,0,0,0,7,9,0,0,4,Joven Digital,0.4223059788239848
387,32,Hombre,Sevilla,B2B,5,8,5.1,0.25,22,1,0.6,4,36.2,2.46,Entradas,0,0,0,0,8,0,1,3,Joven Digital,0.3225409458509688
388,59,Hombre,Sevilla,B2C,4,9,7.6,0.5,15,0,0.99,3,65.81,2.45,Merchandising,0,0,0,8,11,0,1,1,Fiel Tradicional,0.2846740427681393
389,43,Hombre,Sevilla,B2C,5,9,7.3,0.53,26,0,0.94,6,70.66,1.04,Abonos,0,0,0,18,9,0,0,0,Internacional Ocasional,0.4570637609422695
390,45,Hombre,Internacional,B2C,11,12,3.0,0.13,14,0,0.86,0,121.26,0.67,Abonos,0,0,0,8,2,0,0,1,Internacional Ocasional,0.2983512456875269
391,44,Mujer,España,B2B,7,8,6.4,0.38,21,1,0.89,3,36.2,1.23,Merchandising,0,1,0,9,14,1,1,1,Fiel Tradicional,0.4892076125176354
392,61,Hombre,Andalucía,B2C,6,6,4.6,0.55,17,0,0.47,1,33.42,2.05,Entradas,0,0,0,10,9,0,0,3,Fiel Tradicional,0.181541218081489
393,68,Mujer,Andalucía,B2C,3,9,4.7,0.59,19,1,0.66,1,80.27,0.01,Abonos,0,0,1,0,8,0,0,3,Fiel Tradicional,0.2850703296680547
394,21,Mujer,Andalucía,B2C,0,13,1.5,0.55,20,1,0.9,2,109.53,5.79,Entradas,1,1,0,19,12,0,0,0,Internacional Ocasional,0.3950360369032795
395,50,Hombre,Sevilla,B2B,10,9,3.7,0.32,23,0,0.39,2,91.55,0.24,Entradas,0,1,1,7,7,1,0,1,Internacional Ocasional,0.5567141827960662
396,56,Hombre,Internacional,B2C,5,14,2.8,0.17,16,1,0.96,1,84.08,0.76,Abonos,0,0,0,19,11,0,0,2,Joven Digital,0.3171977490779872
397,52,Mujer,Andalucía,B2C,5,10,5.2,0.4,23,0,0.42,2,66.34,2.47,Merchandising,0,0,0,11,2,0,1,1,Internacional Ocasional,0.3374924308529303
398,39,Hombre,Sevilla,B2B,3,13,5.6,0.19,19,1,0.6,3,95.28,0.31,Entradas,0,0,0,0,14,0,1,3,Corporativo,0.3948875522335841
399,44,Hombre,Andalucía,B2C,4,9,0.9,0.76,24,0,0.71,2,99.81,0.78,Digital,0,0,0,9,7,0,0,2,Internacional Ocasional,0.374794403851389
400,64,Mujer,Sevilla,B2C,2,10,4.0,0.43,22,1,0.95,2,67.28,0.17,Merchandising,0,1,1,3,11,0,0,2,Fiel Tradicional,0.3302683075024868
401,61,Mujer,Sevilla,B2C,2,13,5.7,0.32,17,1,0.24,4,46.54,0.6,Abonos,1,0,0,14,3,0,1,0,Internacional Ocasional,0.3457071679434588
402,68,Hombre,España,B2C,7,7,3.7,0.64,14,0,0.75,1,46.74,0.23,Digital,0,1,0,18,5,0,0,1,Joven Digital,0.1827852753306358
403,46,Mujer,Sevilla,B2C,3,7,5.1,0.45,16,0,0.52,0,101.36,0.54,Entradas,0,0,0,5,11,0,1,2,Internacional Ocasional,0.2389041220669231
404,50,Hombre,Andalucía,B2C,1,11,4.5,0.32,27,1,0.27,3,28.67,0.56,Merchandising,0,1,0,4,9,0,0,1,Fiel Tradicional,0.3619010799167368
405,48,Hombre,Sevilla,B2C,3,11,4.5,0.67,23,0,0.78,2,125.31,5.98,Digital,0,0,0,4,1,0,0,1,Corporativo,0.4176039729094404
406,67,Hombre,Sevilla,B2C,7,8,3.6,0.71,21,1,0.55,5,61.32,6.31,Merchandising,0,0,0,17,7,0,0,1,Fiel Tradicional,0.3688494792944364
407,36,Mujer,Sevilla,B2B,5,11,2.2,0.57,24,1,0.66,3,84.29,0.15,Entradas,0,0,0,2,12,1,1,6,Corporativo,0.602533270606453
408,47,Mujer,Sevilla,B2C,5,11,2.3,0.13,23,1,0.32,7,96.05,1.55,Merchandising,0,0,0,1,8,1,0,0,Joven Digital,0.7080768621654437
409,38,Mujer,España,B2B,4,12,5.1,0.5,25,1,0.48,1,54.49,0.06,Digital,0,0,0,3,6,0,0,0,Joven Digital,0.3362286032504117
410,48,Mujer,Sevilla,B2C,5,7,4.0,0.63,22,1,0.62,4,61.2,0.04,Merchandising,1,1,0,17,7,0,0,2,Internacional Ocasional,0.3415148955638846
411,18,Mujer,Andalucía,B2B,5,6,3.8,0.2,22,1,0.4,1,78.96,0.13,Abonos,0,0,0,8,6,0,1,5,Joven Digital,0.2769455683873084
412,33,Hombre,Andalucía,B2C,3,18,3.4,0.26,20,1,0.2,2,49.39,4.04,Abonos,1,1,0,18,10,0,1,1,Joven Digital,0.3767017771580996
413,40,Hombre,Andalucía,B2C,3,7,3.5,0.72,19,0,0.96,4,42.97,3.39,Digital,0,0,0,9,9,0,1,1,Fiel Tradicional,0.2950033019595422
414,57,Hombre,Internacional,B2C,6,13,5.6,0.11,20,0,0.51,2,45.67,0.26,Merchandising,0,0,0,14,3,0,1,3,Fiel Tradicional,0.3196805587039757
415,46,Hombre,España,B2B,6,11,3.5,0.63,24,1,0.73,0,111.27,0.21,Digital,1,1,0,0,0,1,0,1,Internacional Ocasional,0.5593699571366317
416,69,Mujer,Sevilla,B2C,4,14,2.0,0.43,16,1,0.41,2,86.94,0.33,Merchandising,0,0,0,10,2,1,0,0,Internacional Ocasional,0.5455725794514606
417,18,Hombre,Sevilla,B2C,9,11,5.1,0.41,25,1,0.36,2,51.2,0.87,Entradas,1,0,0,13,6,0,0,1,Internacional Ocasional,0.3468200525208235
418,55,Mujer,Sevilla,B2C,6,18,3.7,0.1,20,0,0.41,0,101.18,1.01,Abonos,0,0,0,9,10,0,0,0,Internacional Ocasional,0.3878145271728498
419,61,Hombre,Andalucía,B2C,5,11,4.0,0.67,18,1,0.41,1,52.87,0.3,Entradas,0,0,0,18,10,1,1,1,Fiel Tradicional,0.4654573369230498
420,39,Mujer,Sevilla,B2C,5,12,6.4,0.35,16,0,0.54,3,16.49,1.7,Merchandising,0,1,1,15,6,1,1,3,Internacional Ocasional,0.4663881996867796
421,65,Mujer,Andalucía,B2C,4,7,4.0,0.48,24,0,0.54,0,95.9,0.44,Entradas,0,0,1,7,10,1,0,1,Internacional Ocasional,0.4991279307478679
422,47,Hombre,Andalucía,B2C,10,15,4.4,0.57,17,1,0.5,1,124.39,3.06,Digital,1,0,0,1,12,0,1,2,Joven Digital,0.3836236262968471
423,62,Hombre,Sevilla,B2C,6,6,2.2,0.59,19,0,0.13,1,91.74,1.28,Digital,1,1,0,6,2,0,1,2,Internacional Ocasional,0.2670261041121299
424,37,Hombre,España,B2C,2,6,3.7,0.77,23,1,0.5,2,18.38,0.69,Merchandising,0,0,1,18,0,0,0,2,Corporativo,0.2387938583552515
425,38,Hombre,Sevilla,B2C,4,7,4.9,0.47,26,0,0.17,0,74.29,1.87,Abonos,0,0,0,6,9,0,0,1,Joven Digital,0.2902945679142691
426,17,Mujer,Sevilla,B2C,3,12,1.7,0.38,14,1,0.13,0,66.76,2.04,Digital,0,1,0,14,8,0,0,2,Fiel Tradicional,0.2340406668923177
427,42,Hombre,España,B2C,2,13,4.3,0.77,31,1,0.93,0,86.35,0.41,Abonos,0,0,0,7,11,0,0,1,Corporativo,0.4093500573961305
428,57,Hombre,Andalucía,B2C,5,9,4.2,0.55,24,0,0.6,3,49.58,0.5,Merchandising,0,1,0,13,5,1,0,0,Internacional Ocasional,0.540522470403988
429,17,Mujer,Andalucía,B2C,6,8,4.1,0.31,18,0,0.66,3,65.0,3.3,Abonos,0,0,0,0,12,1,0,0,Joven Digital,0.4981919183763882
430,41,Hombre,Andalucía,B2C,5,11,5.6,0.19,20,1,0.4,0,32.4,0.22,Merchandising,0,1,1,12,12,0,0,3,Internacional Ocasional,0.2329691861963599
431,32,Hombre,Sevilla,B2C,10,15,4.5,0.69,22,1,0.91,2,81.65,0.05,Entradas,0,1,0,2,11,1,1,2,Joven Digital,0.5998566390606287
432,55,Hombre,España,B2C,5,15,6.2,0.35,30,1,0.64,3,33.51,0.73,Merchandising,1,0,0,5,6,0,0,1,Internacional Ocasional,0.4347175944758941
433,48,Hombre,España,B2C,5,12,2.5,0.56,32,0,0.77,5,88.12,1.94,Entradas,1,0,0,18,0,1,0,0,Corporativo,0.7342456937375594
434,24,Hombre,Andalucía,B2C,4,7,4.2,0.43,20,1,0.37,3,52.48,1.77,Merchandising,1,0,0,14,0,0,1,2,Fiel Tradicional,0.2895585362899845
435,58,Mujer,Sevilla,B2C,4,5,4.1,0.24,19,1,0.96,1,0.0,3.02,Digital,1,1,0,3,3,0,0,1,Corporativo,0.1482456140350877
436,69,Hombre,Andalucía,B2C,3,5,2.4,0.52,19,1,0.82,3,98.81,0.91,Digital,0,0,0,2,6,0,0,1,Corporativo,0.314842463406732
437,63,Hombre,Sevilla,B2C,6,13,5.4,0.14,23,1,0.85,2,89.82,0.13,Abonos,0,0,0,3,13,0,1,1,Fiel Tradicional,0.3967780275811955
438,54,Hombre,Sevilla,B2C,4,6,7.5,0.39,25,0,0.17,0,115.59,1.07,Merchandising,0,0,1,4,10,0,0,2,Joven Digital,0.3201693574014096
439,44,Hombre,Internacional,B2C,2,7,4.0,0.48,21,0,0.27,2,12.3,1.81,Merchandising,1,1,0,17,14,0,1,3,Joven Digital,0.2254790429078774
440,57,Hombre,Sevilla,B2C,9,13,4.8,0.41,18,1,0.29,4,55.36,0.12,Merchandising,1,0,0,9,10,1,0,3,Fiel Tradicional,0.5644481949460353
441,41,Mujer,Internacional,B2C,5,11,4.1,0.62,17,1,0.27,3,78.95,0.23,Abonos,0,0,0,7,7,0,0,0,Internacional Ocasional,0.3378986805618093
442,50,Hombre,Andalucía,B2B,9,12,2.9,0.68,16,0,0.86,2,92.15,0.01,Digital,1,0,0,11,9,0,0,2,Joven Digital,0.3306678032032112
443,65,Mujer,Sevilla,B2C,5,11,1.3,0.64,22,1,0.03,3,31.11,1.08,Merchandising,0,0,0,2,8,0,0,3,Corporativo,0.3231136391631033
444,40,Mujer,Andalucía,B2C,5,15,2.9,0.13,30,0,0.08,3,87.94,2.61,Abonos,0,0,1,17,0,0,1,3,Fiel Tradicional,0.4989455725276966
445,39,Hombre,España,B2C,1,6,1.9,0.24,26,0,0.27,1,57.85,1.33,Merchandising,0,0,1,7,3,0,1,2,Corporativo,0.285368877530424
446,28,Hombre,España,B2C,5,15,6.6,0.48,20,0,0.2,1,19.35,4.82,Entradas,0,1,0,0,3,1,1,1,Joven Digital,0.4846753107620074
447,22,Hombre,España,B2C,8,11,3.8,0.75,12,0,0.23,5,52.48,0.08,Merchandising,0,1,0,13,2,0,1,2,Fiel Tradicional,0.3149971327812125
448,51,Hombre,Andalucía,B2C,6,9,3.5,0.68,19,1,0.8,2,90.43,2.8,Entradas,0,0,0,12,6,0,0,2,Fiel Tradicional,0.3220592375682258
449,60,Mujer,Andalucía,B2C,2,16,5.3,0.69,18,1,0.56,4,20.6,2.02,Abonos,0,0,0,11,0,1,1,1,Joven Digital,0.5550099731599338
450,35,Hombre,España,B2C,5,14,2.3,0.31,24,0,0.01,4,94.11,0.45,Abonos,0,0,0,2,8,0,1,1,Joven Digital,0.4706999222642126
451,16,Hombre,Sevilla,B2C,5,7,2.8,0.4,15,0,0.43,2,83.5,4.36,Digital,0,0,1,17,12,0,1,1,Fiel Tradicional,0.2594957990586827
452,23,Hombre,Andalucía,B2C,4,8,4.1,0.43,23,1,0.41,2,67.38,0.41,Merchandising,0,0,0,12,7,1,1,3,Internacional Ocasional,0.5176670103188823
453,61,Hombre,Sevilla,B2C,6,11,5.5,0.21,20,0,0.11,3,25.94,2.64,Abonos,0,0,0,14,1,0,0,1,Fiel Tradicional,0.3003463175905425
454,31,Hombre,Internacional,B2C,5,7,4.8,0.12,19,1,0.68,4,28.35,2.55,Digital,0,0,0,9,1,0,0,0,Internacional Ocasional,0.2777515466937448
455,29,Hombre,Internacional,B2B,6,11,4.4,0.76,23,0,0.7,1,63.05,1.7,Merchandising,0,1,0,0,7,1,1,1,Corporativo,0.5191365117022896
456,27,Mujer,Sevilla,B2C,5,13,4.1,0.27,15,1,0.72,2,41.25,0.99,Abonos,1,1,0,5,10,0,0,5,Internacional Ocasional,0.2727982450964866
457,66,Mujer,España,B2C,4,11,4.6,0.27,17,0,0.73,1,64.99,0.15,Entradas,0,0,0,8,13,0,0,0,Internacional Ocasional,0.2714257323052749
458,38,Hombre,Internacional,B2C,7,11,4.3,0.16,14,0,0.0,6,102.19,0.91,Abonos,0,0,0,9,14,1,1,0,Joven Digital,0.6153221273728305
459,30,Hombre,Sevilla,B2C,5,8,2.5,0.75,17,0,0.95,2,66.81,0.53,Entradas,1,1,0,14,0,0,0,1,Fiel Tradicional,0.2669944042654278
460,43,Hombre,Andalucía,B2B,7,8,4.1,0.51,26,0,0.81,2,65.99,1.89,Digital,1,1,0,8,12,0,0,3,Corporativo,0.3410267955569495
461,49,Mujer,Internacional,B2C,6,10,2.4,0.57,24,1,0.9,1,66.01,1.7,Digital,1,0,0,13,6,1,0,1,Fiel Tradicional,0.520436360681632
462,17,Hombre,Sevilla,B2B,4,18,4.1,0.74,22,1,0.02,4,105.4,2.9,Merchandising,0,0,0,10,8,1,1,1,Internacional Ocasional,0.7094608386563198
463,47,Mujer,Andalucía,B2C,8,8,3.3,0.34,19,0,0.93,2,113.8,0.02,Merchandising,0,0,1,6,11,0,0,1,Internacional Ocasional,0.3391097699703859
464,38,Hombre,Sevilla,B2B,4,8,7.8,0.54,20,0,0.81,3,87.66,1.99,Merchandising,0,0,0,1,14,0,1,0,Internacional Ocasional,0.3415976256944207
465,37,Hombre,Internacional,B2C,3,9,3.9,0.13,14,1,0.84,1,79.1,3.35,Digital,0,0,0,13,2,1,0,1,Fiel Tradicional,0.4420230505758762
466,66,Hombre,Internacional,B2C,5,11,1.9,0.23,22,1,0.09,4,81.89,1.87,Entradas,1,0,0,5,6,1,0,1,Internacional Ocasional,0.608034578451557
467,40,Hombre,Internacional,B2C,10,13,3.8,0.68,30,1,0.74,4,117.84,0.17,Merchandising,0,0,0,4,5,0,0,1,Fiel Tradicional,0.5381752584896071
468,37,Mujer,Andalucía,B2C,6,4,4.8,0.64,17,1,0.96,0,89.29,0.1,Merchandising,0,0,0,4,14,0,1,1,Corporativo,0.2014157798472817
469,37,Mujer,España,B2C,4,6,6.5,0.35,20,1,0.68,8,120.67,0.03,Digital,0,0,0,18,6,0,0,1,Corporativo,0.4844971446848284
470,64,Hombre,España,B2C,3,16,3.1,0.36,24,1,0.57,3,62.43,1.19,Entradas,0,1,0,18,6,1,1,0,Fiel Tradicional,0.629369817398532
471,67,Hombre,Sevilla,B2C,3,14,1.6,0.47,23,1,0.95,2,34.93,1.19,Abonos,0,0,0,5,9,1,1,1,Corporativo,0.5425335604336229
472,57,Mujer,España,B2C,5,12,5.2,0.1,19,1,0.44,3,54.93,5.2,Merchandising,0,0,0,9,0,1,1,1,Joven Digital,0.5367478079232537
473,21,Mujer,Sevilla,B2C,2,6,1.9,0.27,32,0,0.6,0,58.12,0.61,Abonos,1,0,0,13,13,1,1,1,Internacional Ocasional,0.51068748039785
474,30,Mujer,Andalucía,B2C,6,11,3.3,0.25,19,0,0.48,2,123.14,0.48,Abonos,1,0,0,16,2,0,0,1,Internacional Ocasional,0.3817100165304996
475,69,Mujer,Sevilla,B2C,2,9,3.6,0.28,18,0,0.93,2,97.09,1.18,Merchandising,0,0,0,2,9,0,0,4,Internacional Ocasional,0.3215847749647291
476,58,Hombre,Sevilla,B2C,5,13,3.9,0.66,19,1,0.08,1,55.88,2.1,Digital,0,0,0,0,0,1,1,0,Joven Digital,0.4983951338018182
477,52,Mujer,Sevilla,B2C,2,13,5.0,0.3,20,1,0.5,3,99.25,3.31,Merchandising,0,0,0,9,4,1,1,0,Internacional Ocasional,0.6079055277286969
478,48,Hombre,Andalucía,B2C,6,14,3.0,0.23,22,1,0.69,2,71.11,1.95,Entradas,0,0,0,2,2,0,1,1,Fiel Tradicional,0.3768930113353476
479,23,Mujer,Sevilla,B2C,3,11,3.6,0.45,16,0,0.79,2,124.04,0.67,Entradas,1,0,0,4,0,0,1,0,Internacional Ocasional,0.3577720260885856
480,68,Mujer,España,B2C,5,9,4.0,0.71,9,1,0.58,2,64.99,1.21,Merchandising,0,1,1,18,1,1,1,1,Fiel Tradicional,0.4087064340596609
481,59,Mujer,Sevilla,B2C,2,5,4.2,0.27,17,1,0.91,3,28.83,2.33,Abonos,0,0,1,9,9,0,0,0,Corporativo,0.2155986535457766
482,59,Mujer,Sevilla,B2C,6,14,4.1,0.15,20,0,0.94,3,69.4,0.81,Entradas,0,0,0,15,4,0,1,2,Fiel Tradicional,0.3832085265083175
483,20,Mujer,Andalucía,B2C,6,7,4.7,0.35,26,1,0.06,3,65.01,0.29,Entradas,0,0,0,0,10,0,1,2,Fiel Tradicional,0.3543440693597821
484,54,Hombre,España,B2C,7,8,5.3,0.62,18,1,0.4,1,34.7,0.22,Merchandising,0,0,0,5,2,0,1,1,Fiel Tradicional,0.2124375965874921
485,19,Hombre,Sevilla,B2C,6,9,4.6,0.49,18,1,0.02,2,92.58,0.0,Merchandising,0,0,0,8,5,0,0,1,Internacional Ocasional,0.316262927068098
486,21,Mujer,Andalucía,B2C,6,6,4.7,0.67,22,1,0.33,3,117.74,1.52,Digital,0,0,0,4,8,1,1,0,Joven Digital,0.5727063802346151
487,60,Mujer,España,B2B,4,9,1.6,0.77,21,1,0.54,0,41.33,0.14,Merchandising,0,1,0,13,5,0,1,0,Joven Digital,0.2307873827881994
488,47,Hombre,Andalucía,B2C,4,12,4.1,0.65,15,1,0.91,3,104.18,0.34,Merchandising,0,1,0,9,1,0,0,3,Fiel Tradicional,0.3615299976296278
489,67,Mujer,Sevilla,B2C,7,12,4.7,0.52,29,1,0.85,1,56.8,0.42,Entradas,1,0,0,1,1,0,1,3,Internacional Ocasional,0.3722877611161658
490,45,Mujer,Sevilla,B2C,5,13,5.1,0.45,22,1,0.13,1,74.26,0.99,Entradas,0,1,0,4,14,1,0,1,Joven Digital,0.545083728999175
491,62,Hombre,España,B2C,5,7,3.0,0.13,14,0,0.09,0,71.11,0.61,Entradas,0,0,0,0,12,1,1,0,Corporativo,0.3865421341423651
492,50,Mujer,Sevilla,B2C,8,11,3.0,0.79,17,1,0.59,2,74.26,1.35,Abonos,0,1,0,9,12,1,0,3,Corporativo,0.507364430753561
493,55,Mujer,España,B2B,4,9,3.1,0.37,15,0,0.53,3,89.19,0.07,Entradas,0,0,0,8,7,1,0,2,Internacional Ocasional,0.512262691065974
494,67,Hombre,Andalucía,B2C,2,14,4.8,0.21,18,0,0.27,2,44.27,0.16,Entradas,1,0,0,2,10,0,0,0,Corporativo,0.3118881929586489
495,31,Hombre,Internacional,B2C,3,9,5.6,0.57,21,1,0.9,4,113.8,0.83,Merchandising,1,0,0,14,7,0,1,3,Corporativo,0.4163027524265262
496,28,Hombre,España,B2B,4,7,3.4,0.3,17,1,0.93,1,90.11,0.49,Digital,0,0,0,3,5,0,0,0,Corporativo,0.2589623359241811
497,65,Mujer,Internacional,B2C,6,10,5.4,0.51,26,1,0.4,2,100.07,0.42,Entradas,0,1,0,12,9,0,1,2,Joven Digital,0.4022941890687542
498,57,Hombre,Sevilla,B2C,9,13,4.2,0.51,18,0,0.89,1,51.6,0.08,Digital,0,1,0,5,6,1,1,2,Corporativo,0.4850113550144758
499,45,Hombre,España,B2C,3,12,3.8,0.41,18,0,0.38,2,41.56,2.71,Entradas,0,0,0,19,0,0,1,0,Fiel Tradicional,0.2876377325992424
500,34,Hombre,Andalucía,B2C,5,10,3.7,0.69,21,0,0.74,4,110.48,1.41,Entradas,0,1,0,16,14,1,0,2,Fiel Tradicional,0.6229114329572825
